experiment,algorithm,n,threshold,seed,repetition,key_comparisons,cpu_seconds,elapsed_seconds,correct
fixed_s,hybrid,3000,32,101,0,40021,,,true
fixed_s,hybrid,3000,32,101,4,,0.000277000000000,0.000319458000000,true
fixed_s,hybrid,3000,32,101,3,,0.000263000000000,0.000265750000000,true
fixed_s,hybrid,3000,32,101,1,,0.000286000000000,0.000306042000000,true
fixed_s,hybrid,3000,32,101,2,,0.000266000000000,0.000268250000000,true
fixed_s,hybrid,3000,32,101,5,,0.000251000000000,0.000251917000000,true
fixed_s,hybrid,3000,32,303,0,39827,,,true
fixed_s,hybrid,3000,32,303,4,,0.000266000000000,0.000315000000000,true
fixed_s,hybrid,3000,32,303,3,,0.000252000000000,0.000252792000000,true
fixed_s,hybrid,3000,32,303,1,,0.000238000000000,0.000238959000000,true
fixed_s,hybrid,3000,32,303,5,,0.000262000000000,0.000262541000000,true
fixed_s,hybrid,3000,32,303,2,,0.000243000000000,0.000243833000000,true
fixed_s,hybrid,10000,32,505,0,143675,,,true
fixed_s,hybrid,10000,32,505,4,,0.00189100000000,0.00200970800000,true
fixed_s,hybrid,10000,32,505,2,,0.00182900000000,0.00186220900000,true
fixed_s,hybrid,10000,32,505,1,,0.000638000000000,0.000639916000000,true
fixed_s,hybrid,10000,32,505,5,,0.000517000000000,0.000518584000000,true
fixed_s,hybrid,10000,32,505,3,,0.000486000000000,0.000486167000000,true
fixed_s,hybrid,30000,32,303,0,536812,,,true
fixed_s,hybrid,30000,32,303,3,,0.0113950000000,0.0115461660000,true
fixed_s,hybrid,30000,32,303,1,,0.00514300000000,0.00520650000000,true
fixed_s,hybrid,30000,32,303,2,,0.00521400000000,0.00528445900000,true
fixed_s,hybrid,30000,32,303,4,,0.00423000000000,0.00423579200000,true
fixed_s,hybrid,30000,32,303,5,,0.00119700000000,0.00119816600000,true
fixed_s,hybrid,300000,32,202,0,5709675,,,true
fixed_s,hybrid,300000,32,202,1,,0.0159530000000,0.0160849160000,true
fixed_s,hybrid,300000,32,202,4,,0.0161760000000,0.0163040000000,true
fixed_s,hybrid,300000,32,202,3,,0.0158620000000,0.0158957090000,true
fixed_s,hybrid,300000,32,202,5,,0.0157700000000,0.0158056660000,true
fixed_s,hybrid,300000,32,202,2,,0.0157670000000,0.0158271670000,true
fixed_s,hybrid,300000,32,101,0,5710097,,,true
fixed_s,hybrid,300000,32,101,2,,0.0161740000000,0.0163740830000,true
fixed_s,hybrid,300000,32,101,3,,0.0160670000000,0.0161754590000,true
fixed_s,hybrid,300000,32,101,4,,0.0155350000000,0.0155950000000,true
fixed_s,hybrid,300000,32,101,5,,0.0155180000000,0.0155718750000,true
fixed_s,hybrid,300000,32,101,1,,0.0155060000000,0.0155848750000,true
fixed_s,hybrid,10000000,32,303,0,242302573,,,true
fixed_s,hybrid,10000000,32,303,3,,0.690634000000,0.692901166000,true
fixed_s,hybrid,10000000,32,303,4,,0.689248000000,0.691279458000,true
fixed_s,hybrid,10000000,32,303,5,,0.689891000000,0.691749208000,true
fixed_s,hybrid,10000000,32,303,1,,0.697113000000,0.700497917000,true
fixed_s,hybrid,10000000,32,303,2,,0.699366000000,0.701807375000,true
fixed_s,hybrid,100000,32,101,0,1863365,,,true
fixed_s,hybrid,100000,32,101,1,,0.00739300000000,0.00749012500000,true
fixed_s,hybrid,100000,32,101,3,,0.00474600000000,0.00481045900000,true
fixed_s,hybrid,100000,32,101,2,,0.00455400000000,0.00459079100000,true
fixed_s,hybrid,100000,32,101,5,,0.00465900000000,0.00466912500000,true
fixed_s,hybrid,100000,32,101,4,,0.00469300000000,0.00471975000000,true
fixed_s,hybrid,3000000,32,303,0,69680249,,,true
fixed_s,hybrid,3000000,32,303,5,,0.190099000000,0.190777709000,true
fixed_s,hybrid,3000000,32,303,4,,0.190514000000,0.191286417000,true
fixed_s,hybrid,3000000,32,303,2,,0.198077000000,0.199440500000,true
fixed_s,hybrid,3000000,32,303,3,,0.189570000000,0.190189791000,true
fixed_s,hybrid,3000000,32,303,1,,0.190334000000,0.190928250000,true
fixed_s,hybrid,100000,32,404,0,1861601,,,true
fixed_s,hybrid,100000,32,404,5,,0.00478000000000,0.00491229200000,true
fixed_s,hybrid,100000,32,404,4,,0.00483800000000,0.00487587500000,true
fixed_s,hybrid,100000,32,404,3,,0.00470800000000,0.00474079100000,true
fixed_s,hybrid,100000,32,404,1,,0.00466900000000,0.00471454200000,true
fixed_s,hybrid,100000,32,404,2,,0.00467400000000,0.00469641700000,true
fixed_s,hybrid,300000,32,404,0,5708905,,,true
fixed_s,hybrid,300000,32,404,4,,0.0164480000000,0.0167023330000,true
fixed_s,hybrid,300000,32,404,3,,0.0172550000000,0.0173982920000,true
fixed_s,hybrid,300000,32,404,1,,0.0172630000000,0.0173711250000,true
fixed_s,hybrid,300000,32,404,2,,0.0166670000000,0.0167315830000,true
fixed_s,hybrid,300000,32,404,5,,0.0158990000000,0.0160245000000,true
fixed_s,hybrid,300000,32,303,0,5709417,,,true
fixed_s,hybrid,300000,32,303,3,,0.0186760000000,0.0189289170000,true
fixed_s,hybrid,300000,32,303,5,,0.0161670000000,0.0162866670000,true
fixed_s,hybrid,300000,32,303,1,,0.0161350000000,0.0162442080000,true
fixed_s,hybrid,300000,32,303,2,,0.0161700000000,0.0163296670000,true
fixed_s,hybrid,300000,32,303,4,,0.0158720000000,0.0159221250000,true
fixed_s,hybrid,3000,32,202,0,40388,,,true
fixed_s,hybrid,3000,32,202,4,,0.000280000000000,0.000340209000000,true
fixed_s,hybrid,3000,32,202,2,,0.000250000000000,0.000251625000000,true
fixed_s,hybrid,3000,32,202,3,,0.000245000000000,0.000246083000000,true
fixed_s,hybrid,3000,32,202,1,,0.000243000000000,0.000255959000000,true
fixed_s,hybrid,3000,32,202,5,,0.000277000000000,0.000277958000000,true
fixed_s,hybrid,1000,32,404,0,13384,,,true
fixed_s,hybrid,1000,32,404,1,,0.000325000000000,0.000386917000000,true
fixed_s,hybrid,1000,32,404,2,,0.000292000000000,0.000302625000000,true
fixed_s,hybrid,1000,32,404,3,,7.90000000000e-05,8.00420000000e-05,true
fixed_s,hybrid,1000,32,404,5,,6.90000000000e-05,6.98750000000e-05,true
fixed_s,hybrid,1000,32,404,4,,6.10000000000e-05,6.24590000000e-05,true
fixed_s,hybrid,10000,32,101,0,143461,,,true
fixed_s,hybrid,10000,32,101,3,,0.00244600000000,0.00251083400000,true
fixed_s,hybrid,10000,32,101,1,,0.00201900000000,0.00202162500000,true
fixed_s,hybrid,10000,32,101,2,,0.00166200000000,0.00169337500000,true
fixed_s,hybrid,10000,32,101,4,,0.00163300000000,0.00164491700000,true
fixed_s,hybrid,10000,32,101,5,,0.00159600000000,0.00161404200000,true
fixed_s,hybrid,10000,32,404,0,143703,,,true
fixed_s,hybrid,10000,32,404,3,,0.00334900000000,0.00345491700000,true
fixed_s,hybrid,10000,32,404,5,,0.00198800000000,0.00205787500000,true
fixed_s,hybrid,10000,32,404,4,,0.00129300000000,0.00131016600000,true
fixed_s,hybrid,10000,32,404,1,,0.00132500000000,0.00132704200000,true
fixed_s,hybrid,10000,32,404,2,,0.00149300000000,0.00152812500000,true
fixed_s,hybrid,10000,32,303,0,143742,,,true
fixed_s,hybrid,10000,32,303,2,,0.00183800000000,0.00190308400000,true
fixed_s,hybrid,10000,32,303,4,,0.00178500000000,0.00179600000000,true
fixed_s,hybrid,10000,32,303,1,,0.00161500000000,0.00162145900000,true
fixed_s,hybrid,10000,32,303,3,,0.00168700000000,0.00169770800000,true
fixed_s,hybrid,10000,32,303,5,,0.00160800000000,0.00160916600000,true
fixed_s,hybrid,3000000,32,505,0,69675836,,,true
fixed_s,hybrid,3000000,32,505,1,,0.191216000000,0.192366209000,true
fixed_s,hybrid,3000000,32,505,5,,0.190077000000,0.190805708000,true
fixed_s,hybrid,3000000,32,505,2,,0.188766000000,0.189341167000,true
fixed_s,hybrid,3000000,32,505,4,,0.191907000000,0.193144625000,true
fixed_s,hybrid,3000000,32,505,3,,0.190757000000,0.191334083000,true
fixed_s,hybrid,10000000,32,202,0,242317117,,,true
fixed_s,hybrid,10000000,32,202,4,,0.692468000000,0.694785209000,true
fixed_s,hybrid,10000000,32,202,5,,0.697678000000,0.700647166000,true
fixed_s,hybrid,10000000,32,202,2,,0.691055000000,0.692762750000,true
fixed_s,hybrid,10000000,32,202,1,,0.695299000000,0.697582417000,true
fixed_s,hybrid,10000000,32,202,3,,0.693139000000,0.694879584000,true
fixed_s,hybrid,3000,32,404,0,40001,,,true
fixed_s,hybrid,3000,32,404,2,,0.000282000000000,0.000343833000000,true
fixed_s,hybrid,3000,32,404,4,,0.000258000000000,0.000259167000000,true
fixed_s,hybrid,3000,32,404,1,,0.000236000000000,0.000237542000000,true
fixed_s,hybrid,3000,32,404,5,,0.000234000000000,0.000234541000000,true
fixed_s,hybrid,3000,32,404,3,,0.000227000000000,0.000228292000000,true
fixed_s,hybrid,30000,32,202,0,536525,,,true
fixed_s,hybrid,30000,32,202,3,,0.00655800000000,0.00668925000000,true
fixed_s,hybrid,30000,32,202,4,,0.00119800000000,0.00121075000000,true
fixed_s,hybrid,30000,32,202,2,,0.00120400000000,0.00120566700000,true
fixed_s,hybrid,30000,32,202,1,,0.00116400000000,0.00116550000000,true
fixed_s,hybrid,30000,32,202,5,,0.00118100000000,0.00121508400000,true
fixed_s,hybrid,30000,32,404,0,534079,,,true
fixed_s,hybrid,30000,32,404,4,,0.00663300000000,0.00674579200000,true
fixed_s,hybrid,30000,32,404,3,,0.00127100000000,0.00129125000000,true
fixed_s,hybrid,30000,32,404,1,,0.00124600000000,0.00126237500000,true
fixed_s,hybrid,30000,32,404,5,,0.00120400000000,0.00120520800000,true
fixed_s,hybrid,30000,32,404,2,,0.00121500000000,0.00124091600000,true
fixed_s,hybrid,3000000,32,101,0,69670098,,,true
fixed_s,hybrid,3000000,32,101,1,,0.187927000000,0.188623500000,true
fixed_s,hybrid,3000000,32,101,5,,0.193283000000,0.194498167000,true
fixed_s,hybrid,3000000,32,101,2,,0.200816000000,0.202481125000,true
fixed_s,hybrid,3000000,32,101,3,,0.190873000000,0.191738875000,true
fixed_s,hybrid,3000000,32,101,4,,0.189910000000,0.190574334000,true
fixed_s,hybrid,30000,32,101,0,535356,,,true
fixed_s,hybrid,30000,32,101,4,,0.00584400000000,0.00593929200000,true
fixed_s,hybrid,30000,32,101,2,,0.00238400000000,0.00246975000000,true
fixed_s,hybrid,30000,32,101,5,,0.00117200000000,0.00117450000000,true
fixed_s,hybrid,30000,32,101,1,,0.00124700000000,0.00127566700000,true
fixed_s,hybrid,30000,32,101,3,,0.00118800000000,0.00118912500000,true
fixed_s,hybrid,1000,32,303,0,13530,,,true
fixed_s,hybrid,1000,32,303,3,,0.000332000000000,0.000404209000000,true
fixed_s,hybrid,1000,32,303,4,,0.000266000000000,0.000267625000000,true
fixed_s,hybrid,1000,32,303,2,,7.50000000000e-05,7.72910000000e-05,true
fixed_s,hybrid,1000,32,303,1,,7.60000000000e-05,7.74170000000e-05,true
fixed_s,hybrid,1000,32,303,5,,6.10000000000e-05,6.38330000000e-05,true
fixed_s,hybrid,1000000,32,202,0,23192150,,,true
fixed_s,hybrid,1000000,32,202,1,,0.0575670000000,0.0578303750000,true
fixed_s,hybrid,1000000,32,202,4,,0.0576580000000,0.0578540830000,true
fixed_s,hybrid,1000000,32,202,5,,0.0580360000000,0.0582081250000,true
fixed_s,hybrid,1000000,32,202,3,,0.0571550000000,0.0573077090000,true
fixed_s,hybrid,1000000,32,202,2,,0.0579390000000,0.0581392500000,true
fixed_s,hybrid,100000,32,202,0,1861120,,,true
fixed_s,hybrid,100000,32,202,2,,0.00479900000000,0.00494625000000,true
fixed_s,hybrid,100000,32,202,4,,0.00480000000000,0.00484320900000,true
fixed_s,hybrid,100000,32,202,3,,0.00481900000000,0.00487987500000,true
fixed_s,hybrid,100000,32,202,5,,0.00463200000000,0.00465983300000,true
fixed_s,hybrid,100000,32,202,1,,0.00461900000000,0.00464275000000,true
fixed_s,hybrid,1000000,32,303,0,23191162,,,true
fixed_s,hybrid,1000000,32,303,2,,0.0566770000000,0.0570711250000,true
fixed_s,hybrid,1000000,32,303,1,,0.0562760000000,0.0564623340000,true
fixed_s,hybrid,1000000,32,303,3,,0.0587000000000,0.0593304170000,true
fixed_s,hybrid,1000000,32,303,5,,0.0690170000000,0.0708098330000,true
fixed_s,hybrid,1000000,32,303,4,,0.0560590000000,0.0562595830000,true
fixed_s,hybrid,1000,32,202,0,13338,,,true
fixed_s,hybrid,1000,32,202,5,,0.000306000000000,0.000354084000000,true
fixed_s,hybrid,1000,32,202,3,,0.000270000000000,0.000271959000000,true
fixed_s,hybrid,1000,32,202,1,,7.60000000000e-05,7.94160000000e-05,true
fixed_s,hybrid,1000,32,202,4,,7.00000000000e-05,7.11250000000e-05,true
fixed_s,hybrid,1000,32,202,2,,6.10000000000e-05,6.21250000000e-05,true
fixed_s,hybrid,1000000,32,101,0,23184230,,,true
fixed_s,hybrid,1000000,32,101,2,,0.0564070000000,0.0566353340000,true
fixed_s,hybrid,1000000,32,101,3,,0.0565400000000,0.0567844170000,true
fixed_s,hybrid,1000000,32,101,4,,0.0576810000000,0.0579080410000,true
fixed_s,hybrid,1000000,32,101,1,,0.0566410000000,0.0569097500000,true
fixed_s,hybrid,1000000,32,101,5,,0.0563410000000,0.0565457920000,true
fixed_s,hybrid,1000000,32,404,0,23185945,,,true
fixed_s,hybrid,1000000,32,404,4,,0.0593200000000,0.0599709580000,true
fixed_s,hybrid,1000000,32,404,3,,0.0624860000000,0.0625751670000,true
fixed_s,hybrid,1000000,32,404,1,,0.0627900000000,0.0629527080000,true
fixed_s,hybrid,1000000,32,404,2,,0.0626200000000,0.0627645830000,true
fixed_s,hybrid,1000000,32,404,5,,0.0626810000000,0.0628046250000,true
fixed_s,hybrid,1000,32,101,0,13372,,,true
fixed_s,hybrid,1000,32,101,1,,0.000339000000000,0.000471000000000,true
fixed_s,hybrid,1000,32,101,2,,0.000305000000000,0.000306334000000,true
fixed_s,hybrid,1000,32,101,4,,0.000123000000000,0.000124167000000,true
fixed_s,hybrid,1000,32,101,5,,6.70000000000e-05,6.90420000000e-05,true
fixed_s,hybrid,1000,32,101,3,,7.70000000000e-05,9.24580000000e-05,true
fixed_s,hybrid,10000000,32,101,0,242314243,,,true
fixed_s,hybrid,10000000,32,101,1,,0.702772000000,0.705250833000,true
fixed_s,hybrid,10000000,32,101,4,,0.697315000000,0.699289584000,true
fixed_s,hybrid,10000000,32,101,5,,0.702625000000,0.705136750000,true
fixed_s,hybrid,10000000,32,101,2,,0.696575000000,0.698775542000,true
fixed_s,hybrid,10000000,32,101,3,,0.718400000000,0.727910542000,true
fixed_s,hybrid,100000,32,303,0,1862232,,,true
fixed_s,hybrid,100000,32,303,2,,0.00480600000000,0.00489637500000,true
fixed_s,hybrid,100000,32,303,3,,0.00477500000000,0.00482245800000,true
fixed_s,hybrid,100000,32,303,1,,0.00462800000000,0.00464145800000,true
fixed_s,hybrid,100000,32,303,4,,0.00484600000000,0.00488512500000,true
fixed_s,hybrid,100000,32,303,5,,0.00461200000000,0.00463516700000,true
fixed_s,hybrid,1000000,32,505,0,23189085,,,true
fixed_s,hybrid,1000000,32,505,3,,0.0559550000000,0.0561812920000,true
fixed_s,hybrid,1000000,32,505,4,,0.0556160000000,0.0556962080000,true
fixed_s,hybrid,1000000,32,505,2,,0.0555110000000,0.0556022920000,true
fixed_s,hybrid,1000000,32,505,5,,0.0555830000000,0.0556912910000,true
fixed_s,hybrid,1000000,32,505,1,,0.0560650000000,0.0562160000000,true
fixed_s,hybrid,10000000,32,404,0,242304980,,,true
fixed_s,hybrid,10000000,32,404,5,,0.708750000000,0.712112875000,true
fixed_s,hybrid,10000000,32,404,1,,0.705450000000,0.707770250000,true
fixed_s,hybrid,10000000,32,404,2,,0.708239000000,0.710662542000,true
fixed_s,hybrid,10000000,32,404,3,,0.707217000000,0.709638917000,true
fixed_s,hybrid,10000000,32,404,4,,0.706767000000,0.709380459000,true
fixed_s,hybrid,3000000,32,202,0,69680086,,,true
fixed_s,hybrid,3000000,32,202,5,,0.189009000000,0.189864500000,true
fixed_s,hybrid,3000000,32,202,2,,0.187430000000,0.187910417000,true
fixed_s,hybrid,3000000,32,202,3,,0.191135000000,0.192492000000,true
fixed_s,hybrid,3000000,32,202,1,,0.204274000000,0.208251459000,true
fixed_s,hybrid,3000000,32,202,4,,0.185846000000,0.186136459000,true
fixed_s,hybrid,3000000,32,404,0,69668802,,,true
fixed_s,hybrid,3000000,32,404,5,,0.185990000000,0.186300375000,true
fixed_s,hybrid,3000000,32,404,2,,0.186949000000,0.187500833000,true
fixed_s,hybrid,3000000,32,404,1,,0.189485000000,0.190547416000,true
fixed_s,hybrid,3000000,32,404,4,,0.207632000000,0.210819125000,true
fixed_s,hybrid,3000000,32,404,3,,0.185758000000,0.186044500000,true
fixed_s,hybrid,30000,32,505,0,535994,,,true
fixed_s,hybrid,30000,32,505,5,,0.00844200000000,0.00853625000000,true
fixed_s,hybrid,30000,32,505,1,,0.00497600000000,0.00500629100000,true
fixed_s,hybrid,30000,32,505,3,,0.00126400000000,0.00128837500000,true
fixed_s,hybrid,30000,32,505,4,,0.00123100000000,0.00126000000000,true
fixed_s,hybrid,30000,32,505,2,,0.00119200000000,0.00119383300000,true
fixed_s,hybrid,1000,32,505,0,13744,,,true
fixed_s,hybrid,1000,32,505,3,,0.000311000000000,0.000355417000000,true
fixed_s,hybrid,1000,32,505,5,,0.000261000000000,0.000262333000000,true
fixed_s,hybrid,1000,32,505,4,,7.80000000000e-05,7.99170000000e-05,true
fixed_s,hybrid,1000,32,505,1,,7.20000000000e-05,7.35830000000e-05,true
fixed_s,hybrid,1000,32,505,2,,6.40000000000e-05,6.44160000000e-05,true
fixed_s,hybrid,10000000,32,505,0,242308363,,,true
fixed_s,hybrid,10000000,32,505,1,,0.688193000000,0.689933500000,true
fixed_s,hybrid,10000000,32,505,4,,0.692330000000,0.694555041000,true
fixed_s,hybrid,10000000,32,505,2,,0.694357000000,0.696778375000,true
fixed_s,hybrid,10000000,32,505,3,,0.684658000000,0.685944750000,true
fixed_s,hybrid,10000000,32,505,5,,0.689496000000,0.691622250000,true
fixed_s,hybrid,300000,32,505,0,5712305,,,true
fixed_s,hybrid,300000,32,505,2,,0.0186750000000,0.0189465000000,true
fixed_s,hybrid,300000,32,505,1,,0.0162840000000,0.0164191250000,true
fixed_s,hybrid,300000,32,505,4,,0.0162310000000,0.0164254580000,true
fixed_s,hybrid,300000,32,505,5,,0.0161830000000,0.0163506250000,true
fixed_s,hybrid,300000,32,505,3,,0.0158330000000,0.0159216660000,true
fixed_s,hybrid,10000,32,202,0,143335,,,true
fixed_s,hybrid,10000,32,202,1,,0.00142600000000,0.00151158400000,true
fixed_s,hybrid,10000,32,202,2,,0.00128900000000,0.00129479200000,true
fixed_s,hybrid,10000,32,202,4,,0.000418000000000,0.000419084000000,true
fixed_s,hybrid,10000,32,202,5,,0.000512000000000,0.000553375000000,true
fixed_s,hybrid,10000,32,202,3,,0.000363000000000,0.000375458000000,true
fixed_s,hybrid,3000,32,505,0,40143,,,true
fixed_s,hybrid,3000,32,505,5,,0.000279000000000,0.000324500000000,true
fixed_s,hybrid,3000,32,505,2,,0.000237000000000,0.000238584000000,true
fixed_s,hybrid,3000,32,505,4,,0.000236000000000,0.000236792000000,true
fixed_s,hybrid,3000,32,505,1,,0.000241000000000,0.000243000000000,true
fixed_s,hybrid,3000,32,505,3,,0.000282000000000,0.000314375000000,true
fixed_s,hybrid,100000,32,505,0,1861310,,,true
fixed_s,hybrid,100000,32,505,2,,0.00472700000000,0.00480041700000,true
fixed_s,hybrid,100000,32,505,5,,0.00466600000000,0.00470291700000,true
fixed_s,hybrid,100000,32,505,4,,0.00466800000000,0.00468337500000,true
fixed_s,hybrid,100000,32,505,3,,0.00474700000000,0.00480895800000,true
fixed_s,hybrid,100000,32,505,1,,0.00463100000000,0.00463808300000,true
coarse,hybrid,10000000,64,202,0,281247717,,,true
coarse,hybrid,10000000,96,202,0,367370632,,,true
coarse,hybrid,10000000,384,202,0,920356372,,,true
coarse,hybrid,10000000,1536,202,0,3189297610,,,true
coarse,hybrid,10000000,768,202,0,1673498846,,,true
coarse,hybrid,10000000,2,202,0,220103413,,,true
coarse,hybrid,10000000,192,202,0,548436711,,,true
coarse,hybrid,10000000,24,202,0,242317117,,,true
coarse,hybrid,10000000,4,202,0,220225728,,,true
coarse,hybrid,10000000,256,202,0,548436711,,,true
coarse,hybrid,10000000,32,202,0,242317117,,,true
coarse,hybrid,10000000,512,202,0,920356372,,,true
coarse,hybrid,10000000,8,202,0,221114374,,,true
coarse,hybrid,10000000,16,202,0,226420347,,,true
coarse,hybrid,10000000,48,202,0,281247717,,,true
coarse,hybrid,10000000,1024,202,0,1673498846,,,true
coarse,hybrid,10000000,1,202,0,220103413,,,true
coarse,hybrid,10000000,2048,202,0,3189297610,,,true
coarse,hybrid,10000000,128,202,0,367370632,,,true
coarse,hybrid,10000000,8,202,2,,0.804550000000,0.807950542000,true
coarse,hybrid,10000000,512,202,5,,0.732127000000,0.734153417000,true
coarse,hybrid,10000000,512,202,4,,0.732566000000,0.734590000000,true
coarse,hybrid,10000000,32,202,3,,0.740815000000,0.742707459000,true
coarse,hybrid,10000000,32,202,2,,0.746495000000,0.749256958000,true
coarse,hybrid,10000000,4,202,5,,0.814037000000,0.816798250000,true
coarse,hybrid,10000000,16,202,1,,0.761332000000,0.763417667000,true
coarse,hybrid,10000000,2,202,2,,0.832084000000,0.834868375000,true
coarse,hybrid,10000000,128,202,4,,0.691385000000,0.693051333000,true
coarse,hybrid,10000000,1536,202,4,,1.11495800000,1.11866054200,true
coarse,hybrid,10000000,2,202,5,,0.826025000000,0.828317917000,true
coarse,hybrid,10000000,4,202,2,,0.828852000000,0.831246666000,true
coarse,hybrid,10000000,256,202,3,,0.684336000000,0.685753416000,true
coarse,hybrid,10000000,96,202,1,,0.695543000000,0.697697959000,true
coarse,hybrid,10000000,96,202,5,,0.696074000000,0.698659042000,true
coarse,hybrid,10000000,384,202,2,,0.731029000000,0.733378917000,true
coarse,hybrid,10000000,24,202,3,,0.739331000000,0.741153208000,true
coarse,hybrid,10000000,48,202,3,,0.729517000000,0.737041583000,true
coarse,hybrid,10000000,256,202,2,,0.686502000000,0.688232041000,true
coarse,hybrid,10000000,2048,202,5,,1.10962500000,1.11269875000,true
coarse,hybrid,10000000,24,202,4,,0.745164000000,0.748056750000,true
coarse,hybrid,10000000,128,202,3,,0.692505000000,0.694307875000,true
coarse,hybrid,10000000,128,202,2,,0.691842000000,0.693762000000,true
coarse,hybrid,10000000,1536,202,2,,1.11787100000,1.12158500000,true
coarse,hybrid,10000000,512,202,3,,0.745207000000,0.751978292000,true
coarse,hybrid,10000000,4,202,3,,0.823835000000,0.829475750000,true
coarse,hybrid,10000000,1536,202,1,,1.11409200000,1.11764412500,true
coarse,hybrid,10000000,1,202,5,,0.844581000000,0.846871750000,true
coarse,hybrid,10000000,2,202,1,,0.830063000000,0.832465042000,true
coarse,hybrid,10000000,1024,202,3,,0.835291000000,0.839232958000,true
coarse,hybrid,10000000,24,202,2,,0.746452000000,0.748984959000,true
coarse,hybrid,10000000,64,202,4,,0.709780000000,0.713080792000,true
coarse,hybrid,10000000,32,202,1,,0.749915000000,0.755443791000,true
coarse,hybrid,10000000,2048,202,4,,1.11473500000,1.11885158300,true
coarse,hybrid,10000000,768,202,5,,0.830026000000,0.832866500000,true
coarse,hybrid,10000000,16,202,2,,0.760472000000,0.762630042000,true
coarse,hybrid,10000000,384,202,5,,0.728947000000,0.730723292000,true
coarse,hybrid,10000000,32,202,4,,0.748972000000,0.753202125000,true
coarse,hybrid,10000000,1,202,2,,0.855004000000,0.858591208000,true
coarse,hybrid,10000000,256,202,1,,0.714486000000,0.727875625000,true
coarse,hybrid,10000000,128,202,5,,0.689367000000,0.690951458000,true
coarse,hybrid,10000000,192,202,2,,0.691151000000,0.693630583000,true
coarse,hybrid,10000000,48,202,4,,0.709527000000,0.712112000000,true
coarse,hybrid,10000000,1536,202,3,,1.11495300000,1.11914245800,true
coarse,hybrid,10000000,48,202,2,,0.707544000000,0.709598250000,true
coarse,hybrid,10000000,4,202,1,,0.815382000000,0.818285958000,true
coarse,hybrid,10000000,128,202,1,,0.691893000000,0.693745500000,true
coarse,hybrid,10000000,1536,202,5,,1.11244900000,1.11666933300,true
coarse,hybrid,10000000,4,202,4,,0.814169000000,0.816591917000,true
coarse,hybrid,10000000,48,202,1,,0.704704000000,0.706306125000,true
coarse,hybrid,10000000,2048,202,1,,1.10846700000,1.11134483300,true
coarse,hybrid,10000000,1024,202,4,,0.832143000000,0.835143083000,true
coarse,hybrid,10000000,2048,202,2,,1.11949800000,1.12426229100,true
coarse,hybrid,10000000,192,202,4,,0.689948000000,0.692144166000,true
coarse,hybrid,10000000,1024,202,5,,0.830501000000,0.833436000000,true
coarse,hybrid,10000000,768,202,4,,0.824881000000,0.826955583000,true
coarse,hybrid,10000000,768,202,2,,0.827754000000,0.830970208000,true
coarse,hybrid,10000000,192,202,5,,0.688844000000,0.691079042000,true
coarse,hybrid,10000000,64,202,5,,0.704230000000,0.706011333000,true
coarse,hybrid,10000000,192,202,3,,0.691072000000,0.693579292000,true
coarse,hybrid,10000000,384,202,4,,0.729800000000,0.731600708000,true
coarse,hybrid,10000000,16,202,5,,0.766517000000,0.770053791000,true
coarse,hybrid,10000000,48,202,5,,0.707030000000,0.709569791000,true
coarse,hybrid,10000000,16,202,3,,0.765658000000,0.768376458000,true
coarse,hybrid,10000000,2048,202,3,,1.11751400000,1.12150212500,true
coarse,hybrid,10000000,24,202,1,,0.741379000000,0.743326708000,true
coarse,hybrid,10000000,1,202,3,,0.841496000000,0.844457375000,true
coarse,hybrid,10000000,8,202,4,,0.796543000000,0.799097667000,true
coarse,hybrid,10000000,32,202,5,,0.744755000000,0.747144375000,true
coarse,hybrid,10000000,512,202,1,,0.735938000000,0.738653000000,true
coarse,hybrid,10000000,1024,202,2,,0.823302000000,0.825538125000,true
coarse,hybrid,10000000,8,202,3,,0.799609000000,0.802724083000,true
coarse,hybrid,10000000,1024,202,1,,0.829960000000,0.832962333000,true
coarse,hybrid,10000000,8,202,5,,0.799546000000,0.801893541000,true
coarse,hybrid,10000000,1,202,4,,0.845119000000,0.847847208000,true
coarse,hybrid,10000000,512,202,2,,0.728961000000,0.730851833000,true
coarse,hybrid,10000000,96,202,3,,0.695570000000,0.698609042000,true
coarse,hybrid,10000000,384,202,1,,0.730076000000,0.732574083000,true
coarse,hybrid,10000000,64,202,3,,0.705330000000,0.707150542000,true
coarse,hybrid,10000000,64,202,2,,0.712312000000,0.715321083000,true
coarse,hybrid,10000000,192,202,1,,0.682720000000,0.684258500000,true
coarse,hybrid,10000000,256,202,4,,0.683570000000,0.685512291000,true
coarse,hybrid,10000000,24,202,5,,0.747381000000,0.750873875000,true
coarse,hybrid,10000000,1,202,1,,0.844630000000,0.847283334000,true
coarse,hybrid,10000000,8,202,1,,0.801073000000,0.804980208000,true
coarse,hybrid,10000000,2,202,4,,0.827000000000,0.830357125000,true
coarse,hybrid,10000000,384,202,3,,0.763342000000,0.782117833000,true
coarse,hybrid,10000000,256,202,5,,0.692702000000,0.696269458000,true
coarse,hybrid,10000000,2,202,3,,0.830298000000,0.832981250000,true
coarse,hybrid,10000000,64,202,1,,0.706022000000,0.708281166000,true
coarse,hybrid,10000000,768,202,1,,0.826860000000,0.829462125000,true
coarse,hybrid,10000000,768,202,3,,0.829736000000,0.832831083000,true
coarse,hybrid,10000000,96,202,2,,0.695233000000,0.698089208000,true
coarse,hybrid,10000000,16,202,4,,0.764981000000,0.767648458000,true
coarse,hybrid,10000000,96,202,4,,0.692861000000,0.694979916000,true
coarse,hybrid,10000,64,404,0,183501,,,true
coarse,hybrid,10000,2048,404,0,3133546,,,true
coarse,hybrid,10000,256,404,0,457160,,,true
coarse,hybrid,10000,48,404,0,183501,,,true
coarse,hybrid,10000,32,404,0,143703,,,true
coarse,hybrid,10000,128,404,0,272780,,,true
coarse,hybrid,10000,2,404,0,120276,,,true
coarse,hybrid,10000,24,404,0,143703,,,true
coarse,hybrid,10000,1,404,0,120276,,,true
coarse,hybrid,10000,1024,404,0,1605868,,,true
coarse,hybrid,10000,16,404,0,126729,,,true
coarse,hybrid,10000,192,404,0,457160,,,true
coarse,hybrid,10000,512,404,0,838251,,,true
coarse,hybrid,10000,1536,404,0,3133546,,,true
coarse,hybrid,10000,4,404,0,120295,,,true
coarse,hybrid,10000,384,404,0,838251,,,true
coarse,hybrid,10000,768,404,0,1605868,,,true
coarse,hybrid,10000,96,404,0,272780,,,true
coarse,hybrid,10000,8,404,0,121308,,,true
coarse,hybrid,10000,96,404,1,,0.00375200000000,0.00387683300000,true
coarse,hybrid,10000,64,404,1,,0.000371000000000,0.000383625000000,true
coarse,hybrid,10000,128,404,1,,0.000314000000000,0.000316084000000,true
coarse,hybrid,10000,24,404,3,,0.000343000000000,0.000344375000000,true
coarse,hybrid,10000,1536,404,2,,0.000712000000000,0.000716625000000,true
coarse,hybrid,10000,1024,404,3,,0.000450000000000,0.000451292000000,true
coarse,hybrid,10000,192,404,3,,0.000295000000000,0.000296917000000,true
coarse,hybrid,10000,1536,404,4,,0.000754000000000,0.000783375000000,true
coarse,hybrid,10000,48,404,1,,0.000328000000000,0.000338000000000,true
coarse,hybrid,10000,32,404,5,,0.000329000000000,0.000331042000000,true
coarse,hybrid,10000,512,404,4,,0.000359000000000,0.000359541000000,true
coarse,hybrid,10000,512,404,3,,0.000343000000000,0.000342875000000,true
coarse,hybrid,10000,384,404,1,,0.000316000000000,0.000317000000000,true
coarse,hybrid,10000,48,404,5,,0.000316000000000,0.000317625000000,true
coarse,hybrid,10000,512,404,1,,0.000321000000000,0.000322000000000,true
coarse,hybrid,10000,192,404,1,,0.000270000000000,0.000271583000000,true
coarse,hybrid,10000,96,404,4,,0.000258000000000,0.000260458000000,true
coarse,hybrid,10000,256,404,3,,0.000253000000000,0.000253875000000,true
coarse,hybrid,10000,1,404,1,,0.000449000000000,0.000450417000000,true
coarse,hybrid,10000,1536,404,5,,0.000670000000000,0.000671834000000,true
coarse,hybrid,10000,768,404,2,,0.000411000000000,0.000413166000000,true
coarse,hybrid,10000,256,404,2,,0.000250000000000,0.000251625000000,true
coarse,hybrid,10000,128,404,5,,0.000244000000000,0.000246083000000,true
coarse,hybrid,10000,768,404,5,,0.000404000000000,0.000404083000000,true
coarse,hybrid,10000,1,404,2,,0.000426000000000,0.000426917000000,true
coarse,hybrid,10000,48,404,2,,0.000304000000000,0.000323916000000,true
coarse,hybrid,10000,512,404,5,,0.000349000000000,0.000370500000000,true
coarse,hybrid,10000,128,404,4,,0.000283000000000,0.000283709000000,true
coarse,hybrid,10000,48,404,3,,0.000304000000000,0.000306333000000,true
coarse,hybrid,10000,1024,404,4,,0.000465000000000,0.000468542000000,true
coarse,hybrid,10000,64,404,5,,0.000260000000000,0.000261875000000,true
coarse,hybrid,10000,192,404,5,,0.000271000000000,0.000271417000000,true
coarse,hybrid,10000,24,404,5,,0.000293000000000,0.000294417000000,true
coarse,hybrid,10000,768,404,1,,0.000423000000000,0.000423666000000,true
coarse,hybrid,10000,96,404,3,,0.000253000000000,0.000254916000000,true
coarse,hybrid,10000,2048,404,4,,0.000771000000000,0.000783667000000,true
coarse,hybrid,10000,8,404,2,,0.000425000000000,0.000426709000000,true
coarse,hybrid,10000,128,404,3,,0.000305000000000,0.000306292000000,true
coarse,hybrid,10000,2,404,4,,0.000441000000000,0.000442334000000,true
coarse,hybrid,10000,384,404,5,,0.000329000000000,0.000330375000000,true
coarse,hybrid,10000,4,404,2,,0.000418000000000,0.000418584000000,true
coarse,hybrid,10000,2,404,3,,0.000416000000000,0.000418333000000,true
coarse,hybrid,10000,128,404,2,,0.000273000000000,0.000280625000000,true
coarse,hybrid,10000,1024,404,2,,0.000455000000000,0.000479625000000,true
coarse,hybrid,10000,1024,404,5,,0.000415000000000,0.000416250000000,true
coarse,hybrid,10000,96,404,2,,0.000282000000000,0.000281666000000,true
coarse,hybrid,10000,24,404,1,,0.000328000000000,0.000328792000000,true
coarse,hybrid,10000,4,404,3,,0.000407000000000,0.000408208000000,true
coarse,hybrid,10000,512,404,2,,0.000302000000000,0.000302625000000,true
coarse,hybrid,10000,256,404,5,,0.000242000000000,0.000242833000000,true
coarse,hybrid,10000,1024,404,1,,0.000402000000000,0.000402958000000,true
coarse,hybrid,10000,384,404,3,,0.000364000000000,0.000366625000000,true
coarse,hybrid,10000,24,404,4,,0.000357000000000,0.000357750000000,true
coarse,hybrid,10000,16,404,2,,0.000393000000000,0.000406542000000,true
coarse,hybrid,10000,768,404,4,,0.000481000000000,0.000499542000000,true
coarse,hybrid,10000,768,404,3,,0.000427000000000,0.000428083000000,true
coarse,hybrid,10000,64,404,2,,0.000289000000000,0.000290958000000,true
coarse,hybrid,10000,64,404,3,,0.000270000000000,0.000271875000000,true
coarse,hybrid,10000,384,404,2,,0.000282000000000,0.000285208000000,true
coarse,hybrid,10000,2048,404,1,,0.000689000000000,0.000690208000000,true
coarse,hybrid,10000,2048,404,3,,0.000660000000000,0.000661000000000,true
coarse,hybrid,10000,2,404,1,,0.000629000000000,0.000682917000000,true
coarse,hybrid,10000,32,404,1,,0.000373000000000,0.000401375000000,true
coarse,hybrid,10000,8,404,5,,0.000414000000000,0.000416666000000,true
coarse,hybrid,10000,2048,404,2,,0.000692000000000,0.000693250000000,true
coarse,hybrid,10000,1,404,4,,0.000479000000000,0.000483333000000,true
coarse,hybrid,10000,96,404,5,,0.000314000000000,0.000314834000000,true
coarse,hybrid,10000,48,404,4,,0.000312000000000,0.000324708000000,true
coarse,hybrid,10000,2048,404,5,,0.000679000000000,0.000681166000000,true
coarse,hybrid,10000,32,404,2,,0.000313000000000,0.000313875000000,true
coarse,hybrid,10000,192,404,2,,0.000272000000000,0.000274292000000,true
coarse,hybrid,10000,256,404,4,,0.000259000000000,0.000259750000000,true
coarse,hybrid,10000,4,404,4,,0.000390000000000,0.000390916000000,true
coarse,hybrid,10000,384,404,4,,0.000301000000000,0.000302375000000,true
coarse,hybrid,10000,32,404,4,,0.000302000000000,0.000303834000000,true
coarse,hybrid,10000,4,404,5,,0.000385000000000,0.000385459000000,true
coarse,hybrid,10000,4,404,1,,0.000465000000000,0.000466750000000,true
coarse,hybrid,10000,16,404,3,,0.000389000000000,0.000390000000000,true
coarse,hybrid,10000,16,404,5,,0.000359000000000,0.000383208000000,true
coarse,hybrid,10000,1536,404,3,,0.000694000000000,0.000708708000000,true
coarse,hybrid,10000,256,404,1,,0.000282000000000,0.000282375000000,true
coarse,hybrid,10000,24,404,2,,0.000398000000000,0.000421708000000,true
coarse,hybrid,10000,64,404,4,,0.000299000000000,0.000300416000000,true
coarse,hybrid,10000,16,404,4,,0.000391000000000,0.000392625000000,true
coarse,hybrid,10000,1,404,5,,0.000511000000000,0.000515541000000,true
coarse,hybrid,10000,8,404,1,,0.000406000000000,0.000407000000000,true
coarse,hybrid,10000,2,404,5,,0.000448000000000,0.000450084000000,true
coarse,hybrid,10000,1,404,3,,0.000447000000000,0.000446917000000,true
coarse,hybrid,10000,1536,404,1,,0.000719000000000,0.000748042000000,true
coarse,hybrid,10000,192,404,4,,0.000283000000000,0.000284500000000,true
coarse,hybrid,10000,16,404,1,,0.000345000000000,0.000345250000000,true
coarse,hybrid,10000,32,404,3,,0.000306000000000,0.000306833000000,true
coarse,hybrid,10000,2,404,2,,0.000414000000000,0.000414333000000,true
coarse,hybrid,10000,8,404,3,,0.000351000000000,0.000352292000000,true
coarse,hybrid,10000,8,404,4,,0.000321000000000,0.000322000000000,true
coarse,hybrid,1000000,64,101,0,29888819,,,true
coarse,hybrid,1000000,16,101,0,20223703,,,true
coarse,hybrid,1000000,48,101,0,23184230,,,true
coarse,hybrid,1000000,2,101,0,18674036,,,true
coarse,hybrid,1000000,128,101,0,44188294,,,true
coarse,hybrid,1000000,96,101,0,29888819,,,true
coarse,hybrid,1000000,4,101,0,18727623,,,true
coarse,hybrid,1000000,24,101,0,20223703,,,true
coarse,hybrid,1000000,2048,101,0,497994544,,,true
coarse,hybrid,1000000,1536,101,0,254442037,,,true
coarse,hybrid,1000000,32,101,0,23184230,,,true
coarse,hybrid,1000000,256,101,0,73719989,,,true
coarse,hybrid,1000000,512,101,0,133799106,,,true
coarse,hybrid,1000000,384,101,0,73719989,,,true
coarse,hybrid,1000000,1,101,0,18674036,,,true
coarse,hybrid,1000000,192,101,0,44188294,,,true
coarse,hybrid,1000000,8,101,0,19071888,,,true
coarse,hybrid,1000000,768,101,0,133799106,,,true
coarse,hybrid,1000000,1024,101,0,254442037,,,true
coarse,hybrid,1000000,32,101,4,,0.0677010000000,0.0679751670000,true
coarse,hybrid,1000000,64,101,2,,0.0590090000000,0.0592570830000,true
coarse,hybrid,1000000,64,101,1,,0.0587980000000,0.0590293750000,true
coarse,hybrid,1000000,512,101,5,,0.111579000000,0.111981334000,true
coarse,hybrid,1000000,1,101,5,,0.0742800000000,0.0745282910000,true
coarse,hybrid,1000000,8,101,1,,0.0709240000000,0.0711756670000,true
coarse,hybrid,1000000,1536,101,4,,0.0878510000000,0.0881511670000,true
coarse,hybrid,1000000,4,101,4,,0.0697970000000,0.0700367920000,true
coarse,hybrid,1000000,512,101,2,,0.111381000000,0.111993542000,true
coarse,hybrid,1000000,256,101,4,,0.0603510000000,0.0605541670000,true
coarse,hybrid,1000000,64,101,4,,0.0586360000000,0.0588740830000,true
coarse,hybrid,1000000,32,101,5,,0.0672780000000,0.0674744580000,true
coarse,hybrid,1000000,32,101,2,,0.0667010000000,0.0667935000000,true
coarse,hybrid,1000000,256,101,2,,0.0595920000000,0.0596985830000,true
coarse,hybrid,1000000,8,101,4,,0.0711140000000,0.0713822090000,true
coarse,hybrid,1000000,48,101,5,,0.0676100000000,0.0678676670000,true
coarse,hybrid,1000000,1536,101,3,,0.0871960000000,0.0873630000000,true
coarse,hybrid,1000000,256,101,1,,0.0594600000000,0.0595732080000,true
coarse,hybrid,1000000,384,101,1,,0.0593230000000,0.0594622500000,true
coarse,hybrid,1000000,512,101,1,,0.111711000000,0.112048333000,true
coarse,hybrid,1000000,192,101,1,,0.0728660000000,0.0730994160000,true
coarse,hybrid,1000000,1,101,3,,0.0754100000000,0.0757129580000,true
coarse,hybrid,1000000,512,101,3,,0.111570000000,0.111989250000,true
coarse,hybrid,1000000,2,101,5,,0.0736530000000,0.0739553330000,true
coarse,hybrid,1000000,1,101,4,,0.0750410000000,0.0753348330000,true
coarse,hybrid,1000000,384,101,2,,0.0601130000000,0.0603328340000,true
coarse,hybrid,1000000,24,101,3,,0.0642030000000,0.0644369580000,true
coarse,hybrid,1000000,2,101,2,,0.0730940000000,0.0734416250000,true
coarse,hybrid,1000000,192,101,5,,0.0731030000000,0.0733968340000,true
coarse,hybrid,1000000,96,101,4,,0.0589710000000,0.0591742910000,true
coarse,hybrid,1000000,384,101,4,,0.0600650000000,0.0603370830000,true
coarse,hybrid,1000000,2048,101,5,,0.265287000000,0.266902792000,true
coarse,hybrid,1000000,16,101,5,,0.0642900000000,0.0660253330000,true
coarse,hybrid,1000000,16,101,3,,0.0634910000000,0.0636751250000,true
coarse,hybrid,1000000,16,101,2,,0.0641980000000,0.0645202910000,true
coarse,hybrid,1000000,48,101,3,,0.0670500000000,0.0672500830000,true
coarse,hybrid,1000000,4,101,1,,0.0691260000000,0.0692864170000,true
coarse,hybrid,1000000,1,101,2,,0.0736540000000,0.0738691670000,true
coarse,hybrid,1000000,24,101,5,,0.0643710000000,0.0647115420000,true
coarse,hybrid,1000000,1024,101,2,,0.0881530000000,0.0886365420000,true
coarse,hybrid,1000000,2,101,4,,0.0725980000000,0.0729284170000,true
coarse,hybrid,1000000,384,101,5,,0.0606570000000,0.0610193750000,true
coarse,hybrid,1000000,96,101,5,,0.0589720000000,0.0592160000000,true
coarse,hybrid,1000000,1536,101,2,,0.0876890000000,0.0879460420000,true
coarse,hybrid,1000000,24,101,2,,0.0643060000000,0.0645081670000,true
coarse,hybrid,1000000,4,101,3,,0.0701620000000,0.0704420000000,true
coarse,hybrid,1000000,96,101,3,,0.0587190000000,0.0589195420000,true
coarse,hybrid,1000000,128,101,4,,0.0725730000000,0.0728712920000,true
coarse,hybrid,1000000,1536,101,5,,0.0875620000000,0.0879129590000,true
coarse,hybrid,1000000,2048,101,3,,0.263139000000,0.263725250000,true
coarse,hybrid,1000000,24,101,4,,0.0642200000000,0.0644485410000,true
coarse,hybrid,1000000,64,101,3,,0.0582980000000,0.0584838750000,true
coarse,hybrid,1000000,2048,101,1,,0.264508000000,0.265408958000,true
coarse,hybrid,1000000,32,101,3,,0.0680660000000,0.0683522500000,true
coarse,hybrid,1000000,48,101,1,,0.0675330000000,0.0677675830000,true
coarse,hybrid,1000000,768,101,5,,0.111948000000,0.112336500000,true
coarse,hybrid,1000000,4,101,5,,0.0692280000000,0.0693603750000,true
coarse,hybrid,1000000,8,101,3,,0.0702570000000,0.0703985830000,true
coarse,hybrid,1000000,256,101,5,,0.0593710000000,0.0594945000000,true
coarse,hybrid,1000000,512,101,4,,0.110321000000,0.110521500000,true
coarse,hybrid,1000000,1536,101,1,,0.0878270000000,0.0881197500000,true
coarse,hybrid,1000000,384,101,3,,0.0598650000000,0.0600451670000,true
coarse,hybrid,1000000,96,101,2,,0.0589740000000,0.0592239160000,true
coarse,hybrid,1000000,128,101,2,,0.0729990000000,0.0733232920000,true
coarse,hybrid,1000000,16,101,1,,0.0643860000000,0.0646027920000,true
coarse,hybrid,1000000,32,101,1,,0.0681260000000,0.0685160830000,true
coarse,hybrid,1000000,16,101,4,,0.0638030000000,0.0639837500000,true
coarse,hybrid,1000000,48,101,2,,0.0679740000000,0.0682132920000,true
coarse,hybrid,1000000,2048,101,4,,0.262907000000,0.263412875000,true
coarse,hybrid,1000000,2048,101,2,,0.263360000000,0.263963416000,true
coarse,hybrid,1000000,96,101,1,,0.0589610000000,0.0591412920000,true
coarse,hybrid,1000000,1024,101,4,,0.0879950000000,0.0883246250000,true
coarse,hybrid,1000000,256,101,3,,0.0605250000000,0.0607606250000,true
coarse,hybrid,1000000,2,101,3,,0.0740210000000,0.0744987500000,true
coarse,hybrid,1000000,768,101,2,,0.111959000000,0.112442417000,true
coarse,hybrid,1000000,128,101,3,,0.0726380000000,0.0729233330000,true
coarse,hybrid,1000000,4,101,2,,0.0704460000000,0.0707672920000,true
coarse,hybrid,1000000,64,101,5,,0.0592290000000,0.0595967500000,true
coarse,hybrid,1000000,8,101,2,,0.0715530000000,0.0719665000000,true
coarse,hybrid,1000000,24,101,1,,0.0645500000000,0.0648660830000,true
coarse,hybrid,1000000,768,101,3,,0.110592000000,0.110858375000,true
coarse,hybrid,1000000,128,101,5,,0.0720170000000,0.0722055840000,true
coarse,hybrid,1000000,768,101,4,,0.110537000000,0.110852458000,true
coarse,hybrid,1000000,192,101,4,,0.0719410000000,0.0720897910000,true
coarse,hybrid,1000000,1,101,1,,0.0743580000000,0.0746788750000,true
coarse,hybrid,1000000,192,101,2,,0.0731220000000,0.0734839170000,true
coarse,hybrid,1000000,768,101,1,,0.111844000000,0.112152959000,true
coarse,hybrid,1000000,1024,101,3,,0.0877570000000,0.0880687920000,true
coarse,hybrid,1000000,48,101,4,,0.0682870000000,0.0685520000000,true
coarse,hybrid,1000000,128,101,1,,0.0730390000000,0.0733377500000,true
coarse,hybrid,1000000,8,101,5,,0.0712720000000,0.0715661660000,true
coarse,hybrid,1000000,2,101,1,,0.0734940000000,0.0738041660000,true
coarse,hybrid,1000000,1024,101,5,,0.0876970000000,0.0879278750000,true
coarse,hybrid,1000000,192,101,3,,0.0732130000000,0.0735437920000,true
coarse,hybrid,1000000,1024,101,1,,0.0887560000000,0.0891502080000,true
coarse,hybrid,100000,2,303,0,1536574,,,true
coarse,hybrid,100000,64,303,0,2377919,,,true
coarse,hybrid,100000,16,303,0,1639658,,,true
coarse,hybrid,100000,1,303,0,1536574,,,true
coarse,hybrid,100000,512,303,0,10660816,,,true
coarse,hybrid,100000,96,303,0,2377919,,,true
coarse,hybrid,100000,24,303,0,1764562,,,true
coarse,hybrid,100000,48,303,0,1948659,,,true
coarse,hybrid,100000,384,303,0,5858925,,,true
coarse,hybrid,100000,32,303,0,1862232,,,true
coarse,hybrid,100000,8,303,0,1558005,,,true
coarse,hybrid,100000,1536,303,0,20262940,,,true
coarse,hybrid,100000,1024,303,0,20262940,,,true
coarse,hybrid,100000,768,303,0,10660816,,,true
coarse,hybrid,100000,4,303,0,1537191,,,true
coarse,hybrid,100000,2048,303,0,39662143,,,true
coarse,hybrid,100000,192,303,0,3500545,,,true
coarse,hybrid,100000,256,303,0,5858925,,,true
coarse,hybrid,100000,128,303,0,3500545,,,true
coarse,hybrid,100000,64,303,2,,0.00530500000000,0.00539000000000,true
coarse,hybrid,100000,16,303,5,,0.00539100000000,0.00542100000000,true
coarse,hybrid,100000,384,303,5,,0.00622100000000,0.00623591700000,true
coarse,hybrid,100000,1024,303,4,,0.0130590000000,0.0131172080000,true
coarse,hybrid,100000,2,303,5,,0.00617300000000,0.00618841700000,true
coarse,hybrid,100000,2,303,1,,0.00627200000000,0.00629329200000,true
coarse,hybrid,100000,96,303,3,,0.00515100000000,0.00515933300000,true
coarse,hybrid,100000,96,303,1,,0.00512300000000,0.00515445800000,true
coarse,hybrid,100000,1536,303,3,,0.0127900000000,0.0128129580000,true
coarse,hybrid,100000,256,303,5,,0.00613100000000,0.00613300000000,true
coarse,hybrid,100000,1,303,4,,0.00624100000000,0.00624862500000,true
coarse,hybrid,100000,128,303,4,,0.00531500000000,0.00532783400000,true
coarse,hybrid,100000,1024,303,3,,0.0128100000000,0.0128388750000,true
coarse,hybrid,100000,2048,303,3,,0.0225280000000,0.0225742920000,true
coarse,hybrid,100000,32,303,3,,0.00518600000000,0.00519220800000,true
coarse,hybrid,100000,256,303,1,,0.00613100000000,0.00613308400000,true
coarse,hybrid,100000,2,303,2,,0.00621700000000,0.00625908400000,true
coarse,hybrid,100000,256,303,2,,0.00615800000000,0.00616858300000,true
coarse,hybrid,100000,128,303,2,,0.00528200000000,0.00528879200000,true
coarse,hybrid,100000,32,303,5,,0.00507800000000,0.00507904200000,true
coarse,hybrid,100000,4,303,5,,0.00582800000000,0.00583187500000,true
coarse,hybrid,100000,256,303,3,,0.00612400000000,0.00612929200000,true
coarse,hybrid,100000,768,303,5,,0.00833300000000,0.00835570800000,true
coarse,hybrid,100000,1,303,5,,0.00626600000000,0.00632441700000,true
coarse,hybrid,100000,8,303,3,,0.00558100000000,0.00559095800000,true
coarse,hybrid,100000,768,303,1,,0.00826600000000,0.00826979200000,true
coarse,hybrid,100000,768,303,3,,0.00831900000000,0.00833058400000,true
coarse,hybrid,100000,4,303,4,,0.00582200000000,0.00583208300000,true
coarse,hybrid,100000,16,303,2,,0.00533300000000,0.00535720900000,true
coarse,hybrid,100000,4,303,2,,0.00589500000000,0.00591779100000,true
coarse,hybrid,100000,16,303,1,,0.00524100000000,0.00524287500000,true
coarse,hybrid,100000,1024,303,5,,0.0127230000000,0.0127382090000,true
coarse,hybrid,100000,32,303,2,,0.00513100000000,0.00513179200000,true
coarse,hybrid,100000,48,303,1,,0.00510400000000,0.00510570900000,true
coarse,hybrid,100000,64,303,4,,0.00496100000000,0.00496608400000,true
coarse,hybrid,100000,1536,303,4,,0.0128540000000,0.0128922080000,true
coarse,hybrid,100000,384,303,2,,0.00613800000000,0.00614220800000,true
coarse,hybrid,100000,16,303,3,,0.00515000000000,0.00515150000000,true
coarse,hybrid,100000,192,303,2,,0.00540300000000,0.00544220800000,true
coarse,hybrid,100000,2048,303,1,,0.0226170000000,0.0226533750000,true
coarse,hybrid,100000,192,303,3,,0.00545200000000,0.00549379200000,true
coarse,hybrid,100000,192,303,1,,0.00540400000000,0.00541408300000,true
coarse,hybrid,100000,24,303,4,,0.00527800000000,0.00529729200000,true
coarse,hybrid,100000,96,303,5,,0.00510900000000,0.00513283300000,true
coarse,hybrid,100000,1024,303,2,,0.0129940000000,0.0130339580000,true
coarse,hybrid,100000,768,303,2,,0.00833800000000,0.00834812500000,true
coarse,hybrid,100000,2048,303,5,,0.0224840000000,0.0224990420000,true
coarse,hybrid,100000,4,303,1,,0.00582700000000,0.00584362500000,true
coarse,hybrid,100000,64,303,5,,0.00523800000000,0.00527191700000,true
coarse,hybrid,100000,1,303,3,,0.00623600000000,0.00625550000000,true
coarse,hybrid,100000,2048,303,4,,0.0228160000000,0.0228624580000,true
coarse,hybrid,100000,384,303,4,,0.00620400000000,0.00621775000000,true
coarse,hybrid,100000,8,303,5,,0.00583100000000,0.00586116600000,true
coarse,hybrid,100000,24,303,3,,0.00524300000000,0.00527433400000,true
coarse,hybrid,100000,192,303,5,,0.00543800000000,0.00547483300000,true
coarse,hybrid,100000,48,303,5,,0.00520500000000,0.00521508300000,true
coarse,hybrid,100000,384,303,1,,0.00629700000000,0.00630958400000,true
coarse,hybrid,100000,24,303,2,,0.00523000000000,0.00524183400000,true
coarse,hybrid,100000,192,303,4,,0.00549800000000,0.00551716600000,true
coarse,hybrid,100000,96,303,2,,0.00517800000000,0.00520704200000,true
coarse,hybrid,100000,48,303,3,,0.00513400000000,0.00517275000000,true
coarse,hybrid,100000,1536,303,1,,0.0130760000000,0.0131126660000,true
coarse,hybrid,100000,1536,303,5,,0.0129610000000,0.0130060000000,true
coarse,hybrid,100000,256,303,4,,0.00639000000000,0.00650054100000,true
coarse,hybrid,100000,24,303,5,,0.00542100000000,0.00545329100000,true
coarse,hybrid,100000,512,303,1,,0.00848100000000,0.00854816600000,true
coarse,hybrid,100000,8,303,1,,0.00562000000000,0.00562829100000,true
coarse,hybrid,100000,128,303,5,,0.00536000000000,0.00539508400000,true
coarse,hybrid,100000,2,303,4,,0.00625100000000,0.00626058300000,true
coarse,hybrid,100000,2048,303,2,,0.0229240000000,0.0230110830000,true
coarse,hybrid,100000,2,303,3,,0.00621900000000,0.00625629100000,true
coarse,hybrid,100000,768,303,4,,0.00844900000000,0.00846812500000,true
coarse,hybrid,100000,1,303,2,,0.00626600000000,0.00627862500000,true
coarse,hybrid,100000,384,303,3,,0.00621900000000,0.00623087500000,true
coarse,hybrid,100000,4,303,3,,0.00603000000000,0.00607666700000,true
coarse,hybrid,100000,512,303,5,,0.00843000000000,0.00846825000000,true
coarse,hybrid,100000,1,303,1,,0.00632400000000,0.00637716600000,true
coarse,hybrid,100000,24,303,1,,0.00534600000000,0.00540516700000,true
coarse,hybrid,100000,1024,303,1,,0.0132300000000,0.0133234580000,true
coarse,hybrid,100000,8,303,4,,0.00579600000000,0.00585779100000,true
coarse,hybrid,100000,32,303,4,,0.00512700000000,0.00516283300000,true
coarse,hybrid,100000,512,303,2,,0.00848500000000,0.00853162500000,true
coarse,hybrid,100000,32,303,1,,0.00522100000000,0.00523016600000,true
coarse,hybrid,100000,64,303,3,,0.00516300000000,0.00520075000000,true
coarse,hybrid,100000,48,303,2,,0.00510600000000,0.00513158300000,true
coarse,hybrid,100000,64,303,1,,0.00509400000000,0.00509512500000,true
coarse,hybrid,100000,96,303,4,,0.00519600000000,0.00522554200000,true
coarse,hybrid,100000,48,303,4,,0.00529700000000,0.00540195800000,true
coarse,hybrid,100000,16,303,4,,0.00540100000000,0.00542275000000,true
coarse,hybrid,100000,1536,303,2,,0.0128050000000,0.0128435840000,true
coarse,hybrid,100000,128,303,1,,0.00526500000000,0.00526779200000,true
coarse,hybrid,100000,512,303,3,,0.00840000000000,0.00842179100000,true
coarse,hybrid,100000,8,303,2,,0.00576300000000,0.00578933300000,true
coarse,hybrid,100000,512,303,4,,0.00844600000000,0.00848591700000,true
coarse,hybrid,100000,128,303,3,,0.00548400000000,0.00555679200000,true
coarse,hybrid,10000,2,101,0,120545,,,true
coarse,hybrid,10000,768,101,0,1603484,,,true
coarse,hybrid,10000,64,101,0,183109,,,true
coarse,hybrid,10000,192,101,0,455359,,,true
coarse,hybrid,10000,256,101,0,455359,,,true
coarse,hybrid,10000,1,101,0,120545,,,true
coarse,hybrid,10000,1536,101,0,3109085,,,true
coarse,hybrid,10000,2048,101,0,3109085,,,true
coarse,hybrid,10000,24,101,0,143461,,,true
coarse,hybrid,10000,32,101,0,143461,,,true
coarse,hybrid,10000,128,101,0,270806,,,true
coarse,hybrid,10000,16,101,0,126926,,,true
coarse,hybrid,10000,4,101,0,120558,,,true
coarse,hybrid,10000,1024,101,0,1603484,,,true
coarse,hybrid,10000,8,101,0,121472,,,true
coarse,hybrid,10000,48,101,0,183109,,,true
coarse,hybrid,10000,96,101,0,270806,,,true
coarse,hybrid,10000,384,101,0,830863,,,true
coarse,hybrid,10000,512,101,0,830863,,,true
coarse,hybrid,10000,2048,101,4,,0.000762000000000,0.000854875000000,true
coarse,hybrid,10000,512,101,5,,0.000678000000000,0.000711541000000,true
coarse,hybrid,10000,4,101,2,,0.000711000000000,0.000879042000000,true
coarse,hybrid,10000,48,101,3,,0.000352000000000,0.000356166000000,true
coarse,hybrid,10000,1,101,5,,0.000507000000000,0.000521417000000,true
coarse,hybrid,10000,96,101,1,,0.000334000000000,0.000335000000000,true
coarse,hybrid,10000,2048,101,1,,0.000740000000000,0.000742209000000,true
coarse,hybrid,10000,24,101,1,,0.000430000000000,0.000580542000000,true
coarse,hybrid,10000,2,101,5,,0.000606000000000,0.000875458000000,true
coarse,hybrid,10000,2048,101,5,,0.00118100000000,0.00131812500000,true
coarse,hybrid,10000,128,101,3,,0.000329000000000,0.000334916000000,true
coarse,hybrid,10000,192,101,3,,0.000372000000000,0.000638083000000,true
coarse,hybrid,10000,16,101,3,,0.000645000000000,0.000743167000000,true
coarse,hybrid,10000,16,101,2,,0.000409000000000,0.000448167000000,true
coarse,hybrid,10000,256,101,5,,0.000321000000000,0.000322333000000,true
coarse,hybrid,10000,48,101,2,,0.000325000000000,0.000332375000000,true
coarse,hybrid,10000,2048,101,2,,0.000731000000000,0.000733167000000,true
coarse,hybrid,10000,1536,101,3,,0.00124300000000,0.00134754200000,true
coarse,hybrid,10000,8,101,1,,0.000695000000000,0.00101175000000,true
coarse,hybrid,10000,16,101,1,,0.000560000000000,0.000653375000000,true
coarse,hybrid,10000,64,101,2,,0.000497000000000,0.000514000000000,true
coarse,hybrid,10000,512,101,2,,0.000700000000000,0.000752667000000,true
coarse,hybrid,10000,48,101,4,,0.000515000000000,0.000572375000000,true
coarse,hybrid,10000,1536,101,4,,0.00161900000000,0.00167270900000,true
coarse,hybrid,10000,8,101,2,,0.000468000000000,0.00110395900000,true
coarse,hybrid,10000,64,101,3,,0.000472000000000,0.000510542000000,true
coarse,hybrid,10000,768,101,4,,0.000665000000000,0.000731958000000,true
coarse,hybrid,10000,24,101,2,,0.000655000000000,0.000667167000000,true
coarse,hybrid,10000,256,101,4,,0.000415000000000,0.000435583000000,true
coarse,hybrid,10000,1024,101,3,,0.00101100000000,0.00129016600000,true
coarse,hybrid,10000,384,101,3,,0.000602000000000,0.000627791000000,true
coarse,hybrid,10000,32,101,3,,0.000652000000000,0.000868167000000,true
coarse,hybrid,10000,1,101,2,,0.000764000000000,0.000973375000000,true
coarse,hybrid,10000,4,101,1,,0.000592000000000,0.000621958000000,true
coarse,hybrid,10000,1,101,1,,0.000496000000000,0.000518458000000,true
coarse,hybrid,10000,64,101,4,,0.000403000000000,0.000550125000000,true
coarse,hybrid,10000,24,101,3,,0.000395000000000,0.000436458000000,true
coarse,hybrid,10000,384,101,5,,0.000466000000000,0.000501917000000,true
coarse,hybrid,10000,2048,101,3,,0.00155900000000,0.00202608300000,true
coarse,hybrid,10000,768,101,3,,0.000513000000000,0.000842083000000,true
coarse,hybrid,10000,512,101,4,,0.000362000000000,0.000377458000000,true
coarse,hybrid,10000,192,101,2,,0.000609000000000,0.000779333000000,true
coarse,hybrid,10000,1536,101,1,,0.00153400000000,0.00163241700000,true
coarse,hybrid,10000,8,101,5,,0.000710000000000,0.000873000000000,true
coarse,hybrid,10000,384,101,4,,0.000734000000000,0.000931000000000,true
coarse,hybrid,10000,32,101,1,,0.000490000000000,0.000564541000000,true
coarse,hybrid,10000,96,101,2,,0.000315000000000,0.000316792000000,true
coarse,hybrid,10000,128,101,4,,0.000575000000000,0.000703792000000,true
coarse,hybrid,10000,8,101,3,,0.000454000000000,0.000455417000000,true
coarse,hybrid,10000,2,101,3,,0.000475000000000,0.000476708000000,true
coarse,hybrid,10000,96,101,3,,0.000313000000000,0.000314875000000,true
coarse,hybrid,10000,768,101,1,,0.000868000000000,0.000962833000000,true
coarse,hybrid,10000,256,101,2,,0.000614000000000,0.000624208000000,true
coarse,hybrid,10000,128,101,5,,0.000539000000000,0.000549666000000,true
coarse,hybrid,10000,1024,101,1,,0.000750000000000,0.000787417000000,true
coarse,hybrid,10000,32,101,4,,0.000371000000000,0.000373000000000,true
coarse,hybrid,10000,1536,101,5,,0.00136800000000,0.00139100000000,true
coarse,hybrid,10000,24,101,4,,0.000608000000000,0.000626459000000,true
coarse,hybrid,10000,48,101,1,,0.000605000000000,0.000710666000000,true
coarse,hybrid,10000,192,101,4,,0.000619000000000,0.000772625000000,true
coarse,hybrid,10000,16,101,5,,0.000596000000000,0.000706875000000,true
coarse,hybrid,10000,768,101,2,,0.000506000000000,0.000515458000000,true
coarse,hybrid,10000,96,101,5,,0.000356000000000,0.000500709000000,true
coarse,hybrid,10000,1536,101,2,,0.00129400000000,0.00135375000000,true
coarse,hybrid,10000,384,101,2,,0.000700000000000,0.000743667000000,true
coarse,hybrid,10000,64,101,5,,0.000581000000000,0.000604916000000,true
coarse,hybrid,10000,512,101,1,,0.000391000000000,0.000418583000000,true
coarse,hybrid,10000,64,101,1,,0.000580000000000,0.000626375000000,true
coarse,hybrid,10000,256,101,1,,0.000570000000000,0.000649042000000,true
coarse,hybrid,10000,2,101,2,,0.000830000000000,0.00104187500000,true
coarse,hybrid,10000,48,101,5,,0.000536000000000,0.000591833000000,true
coarse,hybrid,10000,1,101,4,,0.000831000000000,0.000834584000000,true
coarse,hybrid,10000,4,101,5,,0.000533000000000,0.000688333000000,true
coarse,hybrid,10000,8,101,4,,0.000446000000000,0.000449125000000,true
coarse,hybrid,10000,768,101,5,,0.000478000000000,0.000478667000000,true
coarse,hybrid,10000,1024,101,2,,0.000490000000000,0.000521708000000,true
coarse,hybrid,10000,192,101,5,,0.000312000000000,0.000313292000000,true
coarse,hybrid,10000,4,101,4,,0.000716000000000,0.000844250000000,true
coarse,hybrid,10000,1024,101,5,,0.000954000000000,0.00112075000000,true
coarse,hybrid,10000,128,101,2,,0.000588000000000,0.000860209000000,true
coarse,hybrid,10000,96,101,4,,0.000548000000000,0.000560916000000,true
coarse,hybrid,10000,512,101,3,,0.000515000000000,0.000550584000000,true
coarse,hybrid,10000,4,101,3,,0.000548000000000,0.000557500000000,true
coarse,hybrid,10000,384,101,1,,0.000462000000000,0.000469875000000,true
coarse,hybrid,10000,32,101,2,,0.000628000000000,0.000648000000000,true
coarse,hybrid,10000,2,101,4,,0.000809000000000,0.000907875000000,true
coarse,hybrid,10000,1024,101,4,,0.000811000000000,0.000945292000000,true
coarse,hybrid,10000,16,101,4,,0.000467000000000,0.000515041000000,true
coarse,hybrid,10000,256,101,3,,0.000309000000000,0.000310500000000,true
coarse,hybrid,10000,192,101,1,,0.000280000000000,0.000280959000000,true
coarse,hybrid,10000,2,101,1,,0.000593000000000,0.000620583000000,true
coarse,hybrid,10000,24,101,5,,0.000410000000000,0.000504875000000,true
coarse,hybrid,10000,32,101,5,,0.000575000000000,0.000594791000000,true
coarse,hybrid,10000,128,101,1,,0.000308000000000,0.000317291000000,true
coarse,hybrid,10000,1,101,3,,0.000709000000000,0.000726209000000,true
coarse,hybrid,10000000,256,101,0,548308598,,,true
coarse,hybrid,10000000,128,101,0,367325718,,,true
coarse,hybrid,10000000,48,101,0,281248435,,,true
coarse,hybrid,10000000,4,101,0,220222089,,,true
coarse,hybrid,10000000,32,101,0,242314243,,,true
coarse,hybrid,10000000,1024,101,0,1672958974,,,true
coarse,hybrid,10000000,16,101,0,226412478,,,true
coarse,hybrid,10000000,24,101,0,242314243,,,true
coarse,hybrid,10000000,192,101,0,548308598,,,true
coarse,hybrid,10000000,1,101,0,220100801,,,true
coarse,hybrid,10000000,96,101,0,367325718,,,true
coarse,hybrid,10000000,512,101,0,920028084,,,true
coarse,hybrid,10000000,384,101,0,920028084,,,true
coarse,hybrid,10000000,1536,101,0,3188375841,,,true
coarse,hybrid,10000000,64,101,0,281248435,,,true
coarse,hybrid,10000000,2048,101,0,3188375841,,,true
coarse,hybrid,10000000,8,101,0,221109128,,,true
coarse,hybrid,10000000,768,101,0,1672958974,,,true
coarse,hybrid,10000000,2,101,0,220100801,,,true
coarse,hybrid,10000000,384,101,1,,0.739003000000,0.742043625000,true
coarse,hybrid,10000000,16,101,4,,0.779221000000,0.782076541000,true
coarse,hybrid,10000000,8,101,1,,0.806848000000,0.809991625000,true
coarse,hybrid,10000000,48,101,1,,0.719659000000,0.721934792000,true
coarse,hybrid,10000000,512,101,5,,0.731847000000,0.734091500000,true
coarse,hybrid,10000000,192,101,1,,0.705114000000,0.707503166000,true
coarse,hybrid,10000000,24,101,2,,0.749869000000,0.752651083000,true
coarse,hybrid,10000000,2,101,5,,0.854826000000,0.858540084000,true
coarse,hybrid,10000000,64,101,3,,0.726169000000,0.728970000000,true
coarse,hybrid,10000000,32,101,4,,0.751119000000,0.753366625000,true
coarse,hybrid,10000000,8,101,4,,0.814567000000,0.818018416000,true
coarse,hybrid,10000000,2,101,3,,0.858635000000,0.861904709000,true
coarse,hybrid,10000000,1,101,3,,0.879039000000,0.883548375000,true
coarse,hybrid,10000000,192,101,3,,0.708375000000,0.711540584000,true
coarse,hybrid,10000000,2048,101,4,,1.09670300000,1.10011154200,true
coarse,hybrid,10000000,1,101,5,,0.869881000000,0.872552083000,true
coarse,hybrid,10000000,8,101,5,,0.816990000000,0.820929792000,true
coarse,hybrid,10000000,32,101,5,,0.747905000000,0.751322916000,true
coarse,hybrid,10000000,48,101,5,,0.726522000000,0.729417500000,true
coarse,hybrid,10000000,64,101,2,,0.726875000000,0.730151584000,true
coarse,hybrid,10000000,64,101,1,,0.718702000000,0.720560041000,true
coarse,hybrid,10000000,2048,101,1,,1.09699800000,1.10146079100,true
coarse,hybrid,10000000,8,101,3,,0.817506000000,0.821308583000,true
coarse,hybrid,10000000,48,101,2,,0.729335000000,0.731859958000,true
coarse,hybrid,10000000,16,101,1,,0.789741000000,0.792904250000,true
coarse,hybrid,10000000,2,101,4,,0.848155000000,0.851133625000,true
coarse,hybrid,10000000,1536,101,5,,1.09750300000,1.10199912500,true
coarse,hybrid,10000000,128,101,1,,0.705011000000,0.708167292000,true
coarse,hybrid,10000000,2,101,2,,0.852092000000,0.855157208000,true
coarse,hybrid,10000000,4,101,5,,0.841443000000,0.844740291000,true
coarse,hybrid,10000000,64,101,4,,0.720603000000,0.722422625000,true
coarse,hybrid,10000000,128,101,5,,0.704087000000,0.707484083000,true
coarse,hybrid,10000000,64,101,5,,0.727459000000,0.730718250000,true
coarse,hybrid,10000000,1024,101,5,,0.849662000000,0.852372833000,true
coarse,hybrid,10000000,16,101,3,,0.786716000000,0.789948958000,true
coarse,hybrid,10000000,2048,101,5,,1.09685400000,1.10057391600,true
coarse,hybrid,10000000,384,101,2,,0.738653000000,0.742072833000,true
coarse,hybrid,10000000,384,101,5,,0.739769000000,0.743554125000,true
coarse,hybrid,10000000,2048,101,3,,1.09497300000,1.09819825000,true
coarse,hybrid,10000000,768,101,4,,0.849537000000,0.852851167000,true
coarse,hybrid,10000000,192,101,2,,0.718654000000,0.726940250000,true
coarse,hybrid,10000000,512,101,4,,0.740740000000,0.744335292000,true
coarse,hybrid,10000000,768,101,3,,0.850188000000,0.853597167000,true
coarse,hybrid,10000000,24,101,4,,0.747920000000,0.750708167000,true
coarse,hybrid,10000000,1024,101,3,,0.844652000000,0.847167916000,true
coarse,hybrid,10000000,512,101,3,,0.730356000000,0.732658375000,true
coarse,hybrid,10000000,4,101,4,,0.838006000000,0.842380375000,true
coarse,hybrid,10000000,1,101,4,,0.879665000000,0.887369834000,true
coarse,hybrid,10000000,16,101,5,,0.776491000000,0.778460625000,true
coarse,hybrid,10000000,512,101,1,,0.731935000000,0.734099333000,true
coarse,hybrid,10000000,4,101,2,,0.833176000000,0.835807542000,true
coarse,hybrid,10000000,32,101,1,,0.748921000000,0.751960250000,true
coarse,hybrid,10000000,4,101,3,,0.834516000000,0.837221709000,true
coarse,hybrid,10000000,1536,101,1,,1.09483700000,1.09808291700,true
coarse,hybrid,10000000,96,101,5,,0.702811000000,0.705321000000,true
coarse,hybrid,10000000,1024,101,1,,0.856772000000,0.861431584000,true
coarse,hybrid,10000000,48,101,4,,0.719869000000,0.721526625000,true
coarse,hybrid,10000000,2,101,1,,0.850580000000,0.853167875000,true
coarse,hybrid,10000000,24,101,5,,0.749664000000,0.752392459000,true
coarse,hybrid,10000000,128,101,2,,0.701666000000,0.703869542000,true
coarse,hybrid,10000000,1,101,1,,0.874795000000,0.878032584000,true
coarse,hybrid,10000000,1024,101,2,,0.849790000000,0.852526791000,true
coarse,hybrid,10000000,256,101,1,,0.703986000000,0.705892791000,true
coarse,hybrid,10000000,1536,101,2,,1.09843100000,1.10204420800,true
coarse,hybrid,10000000,768,101,2,,0.848297000000,0.850935500000,true
coarse,hybrid,10000000,48,101,3,,0.725900000000,0.729348083000,true
coarse,hybrid,10000000,128,101,3,,0.698397000000,0.700161542000,true
coarse,hybrid,10000000,1536,101,4,,1.09019200000,1.09303550000,true
coarse,hybrid,10000000,1024,101,4,,0.850484000000,0.853364833000,true
coarse,hybrid,10000000,1,101,2,,0.866833000000,0.869559417000,true
coarse,hybrid,10000000,512,101,2,,0.736104000000,0.739093500000,true
coarse,hybrid,10000000,384,101,4,,0.736454000000,0.739203375000,true
coarse,hybrid,10000000,24,101,3,,0.744895000000,0.746634584000,true
coarse,hybrid,10000000,96,101,2,,0.703792000000,0.706436042000,true
coarse,hybrid,10000000,96,101,3,,0.698914000000,0.701185667000,true
coarse,hybrid,10000000,128,101,4,,0.700477000000,0.703087209000,true
coarse,hybrid,10000000,192,101,4,,0.701619000000,0.703386084000,true
coarse,hybrid,10000000,4,101,1,,0.839938000000,0.842439709000,true
coarse,hybrid,10000000,16,101,2,,0.785860000000,0.788520458000,true
coarse,hybrid,10000000,768,101,5,,0.847545000000,0.850306958000,true
coarse,hybrid,10000000,256,101,4,,0.709310000000,0.713016708000,true
coarse,hybrid,10000000,384,101,3,,0.738584000000,0.741362500000,true
coarse,hybrid,10000000,768,101,1,,0.847931000000,0.850351333000,true
coarse,hybrid,10000000,2048,101,2,,1.10116900000,1.10565045800,true
coarse,hybrid,10000000,256,101,2,,0.716031000000,0.724300416000,true
coarse,hybrid,10000000,256,101,3,,0.730245000000,0.777377083000,true
coarse,hybrid,10000000,24,101,1,,0.747469000000,0.750088500000,true
coarse,hybrid,10000000,8,101,2,,0.805987000000,0.808375792000,true
coarse,hybrid,10000000,32,101,3,,0.740147000000,0.742030667000,true
coarse,hybrid,10000000,1536,101,3,,1.09288700000,1.09677250000,true
coarse,hybrid,10000000,192,101,5,,0.705678000000,0.709072334000,true
coarse,hybrid,10000000,96,101,1,,0.695025000000,0.696686167000,true
coarse,hybrid,10000000,32,101,2,,0.748843000000,0.751659209000,true
coarse,hybrid,10000000,96,101,4,,0.697850000000,0.699719791000,true
coarse,hybrid,10000000,256,101,5,,0.705991000000,0.709129291000,true
coarse,hybrid,1000000,1,202,0,18674215,,,true
coarse,hybrid,1000000,8,202,0,19074243,,,true
coarse,hybrid,1000000,24,202,0,20227841,,,true
coarse,hybrid,1000000,16,202,0,20227841,,,true
coarse,hybrid,1000000,1536,202,0,254826889,,,true
coarse,hybrid,1000000,48,202,0,23192150,,,true
coarse,hybrid,1000000,512,202,0,133847552,,,true
coarse,hybrid,1000000,1024,202,0,254826889,,,true
coarse,hybrid,1000000,32,202,0,23192150,,,true
coarse,hybrid,1000000,384,202,0,73744890,,,true
coarse,hybrid,1000000,128,202,0,44212101,,,true
coarse,hybrid,1000000,64,202,0,29908813,,,true
coarse,hybrid,1000000,192,202,0,44212101,,,true
coarse,hybrid,1000000,4,202,0,18728060,,,true
coarse,hybrid,1000000,256,202,0,73744890,,,true
coarse,hybrid,1000000,768,202,0,133847552,,,true
coarse,hybrid,1000000,2048,202,0,497930484,,,true
coarse,hybrid,1000000,2,202,0,18674215,,,true
coarse,hybrid,1000000,96,202,0,29908813,,,true
coarse,hybrid,1000000,8,202,4,,0.0687160000000,0.0689470420000,true
coarse,hybrid,1000000,256,202,2,,0.0654410000000,0.0655237500000,true
coarse,hybrid,1000000,192,202,3,,0.0602870000000,0.0604152920000,true
coarse,hybrid,1000000,4,202,5,,0.0715010000000,0.0717167910000,true
coarse,hybrid,1000000,384,202,5,,0.0659760000000,0.0663019160000,true
coarse,hybrid,1000000,1024,202,5,,0.107925000000,0.108331834000,true
coarse,hybrid,1000000,24,202,4,,0.0662280000000,0.0665918750000,true
coarse,hybrid,1000000,192,202,4,,0.0624130000000,0.0627762500000,true
coarse,hybrid,1000000,1536,202,4,,0.107656000000,0.108237000000,true
coarse,hybrid,1000000,1536,202,5,,0.107625000000,0.108132250000,true
coarse,hybrid,1000000,1024,202,2,,0.108461000000,0.109063417000,true
coarse,hybrid,1000000,16,202,1,,0.0657270000000,0.0660977090000,true
coarse,hybrid,1000000,1536,202,1,,0.108706000000,0.109325542000,true
coarse,hybrid,1000000,32,202,5,,0.0628840000000,0.0632620830000,true
coarse,hybrid,1000000,32,202,3,,0.0630230000000,0.0633597500000,true
coarse,hybrid,1000000,48,202,4,,0.0627890000000,0.0631198750000,true
coarse,hybrid,1000000,2,202,1,,0.0742180000000,0.0745893340000,true
coarse,hybrid,1000000,384,202,1,,0.0665150000000,0.0668766250000,true
coarse,hybrid,1000000,128,202,3,,0.0603560000000,0.0605340830000,true
coarse,hybrid,1000000,16,202,2,,0.0644640000000,0.0645980420000,true
coarse,hybrid,1000000,1024,202,4,,0.104943000000,0.105152291000,true
coarse,hybrid,1000000,2048,202,4,,0.167009000000,0.167492083000,true
coarse,hybrid,1000000,96,202,1,,0.0602890000000,0.0605579580000,true
coarse,hybrid,1000000,32,202,2,,0.0620110000000,0.0622627920000,true
coarse,hybrid,1000000,24,202,1,,0.0648700000000,0.0651032910000,true
coarse,hybrid,1000000,2,202,5,,0.0736570000000,0.0739470410000,true
coarse,hybrid,1000000,384,202,2,,0.0652410000000,0.0654221250000,true
coarse,hybrid,1000000,256,202,4,,0.0657620000000,0.0660295000000,true
coarse,hybrid,1000000,2,202,4,,0.0736970000000,0.0740055830000,true
coarse,hybrid,1000000,32,202,1,,0.0619950000000,0.0621738330000,true
coarse,hybrid,1000000,48,202,5,,0.0616320000000,0.0619189580000,true
coarse,hybrid,1000000,256,202,5,,0.0654040000000,0.0655767500000,true
coarse,hybrid,1000000,4,202,3,,0.0701820000000,0.0702868750000,true
coarse,hybrid,1000000,2,202,2,,0.0727830000000,0.0728880830000,true
coarse,hybrid,1000000,2048,202,1,,0.165912000000,0.166153583000,true
coarse,hybrid,1000000,32,202,4,,0.0620130000000,0.0622385420000,true
coarse,hybrid,1000000,512,202,4,,0.0787610000000,0.0791772500000,true
coarse,hybrid,1000000,24,202,3,,0.0644750000000,0.0646947920000,true
coarse,hybrid,1000000,768,202,3,,0.0788140000000,0.0791467910000,true
coarse,hybrid,1000000,2048,202,3,,0.170246000000,0.170822250000,true
coarse,hybrid,1000000,768,202,2,,0.0784440000000,0.0787966250000,true
coarse,hybrid,1000000,192,202,5,,0.0607620000000,0.0609790830000,true
coarse,hybrid,1000000,64,202,5,,0.0604810000000,0.0607537910000,true
coarse,hybrid,1000000,192,202,2,,0.0601110000000,0.0602527920000,true
coarse,hybrid,1000000,512,202,1,,0.0783700000000,0.0786601670000,true
coarse,hybrid,1000000,1,202,4,,0.0760730000000,0.0764190840000,true
coarse,hybrid,1000000,96,202,4,,0.0600820000000,0.0602376670000,true
coarse,hybrid,1000000,1024,202,1,,0.105082000000,0.105253042000,true
coarse,hybrid,1000000,4,202,4,,0.0701500000000,0.0702749580000,true
coarse,hybrid,1000000,4,202,2,,0.0696310000000,0.0697238750000,true
coarse,hybrid,1000000,1,202,2,,0.0748810000000,0.0750102500000,true
coarse,hybrid,1000000,1536,202,2,,0.106835000000,0.107256000000,true
coarse,hybrid,1000000,48,202,2,,0.0620780000000,0.0622712080000,true
coarse,hybrid,1000000,4,202,1,,0.0706550000000,0.0708667920000,true
coarse,hybrid,1000000,1,202,1,,0.0763070000000,0.0765805000000,true
coarse,hybrid,1000000,128,202,5,,0.0610270000000,0.0612505830000,true
coarse,hybrid,1000000,1,202,3,,0.0761870000000,0.0765946250000,true
coarse,hybrid,1000000,192,202,1,,0.0616090000000,0.0621365420000,true
coarse,hybrid,1000000,64,202,2,,0.0609900000000,0.0613019170000,true
coarse,hybrid,1000000,24,202,5,,0.0655780000000,0.0660374160000,true
coarse,hybrid,1000000,128,202,4,,0.0611950000000,0.0615403340000,true
coarse,hybrid,1000000,8,202,5,,0.0683510000000,0.0687605410000,true
coarse,hybrid,1000000,96,202,3,,0.0610890000000,0.0614860830000,true
coarse,hybrid,1000000,512,202,5,,0.0789390000000,0.0794067920000,true
coarse,hybrid,1000000,24,202,2,,0.0655060000000,0.0659545420000,true
coarse,hybrid,1000000,1,202,5,,0.0767210000000,0.0771869580000,true
coarse,hybrid,1000000,2,202,3,,0.0742190000000,0.0745751670000,true
coarse,hybrid,1000000,384,202,3,,0.0658880000000,0.0662032500000,true
coarse,hybrid,1000000,1536,202,3,,0.107581000000,0.108235208000,true
coarse,hybrid,1000000,96,202,2,,0.0613370000000,0.0616485830000,true
coarse,hybrid,1000000,384,202,4,,0.0658770000000,0.0662035000000,true
coarse,hybrid,1000000,768,202,1,,0.0775900000000,0.0778442500000,true
coarse,hybrid,1000000,16,202,5,,0.0639860000000,0.0640632090000,true
coarse,hybrid,1000000,8,202,2,,0.0666410000000,0.0667402500000,true
coarse,hybrid,1000000,8,202,3,,0.0666300000000,0.0667204160000,true
coarse,hybrid,1000000,256,202,1,,0.0648570000000,0.0649404170000,true
coarse,hybrid,1000000,8,202,1,,0.0667780000000,0.0668908750000,true
coarse,hybrid,1000000,256,202,3,,0.0650830000000,0.0652279580000,true
coarse,hybrid,1000000,16,202,3,,0.0652330000000,0.0654869580000,true
coarse,hybrid,1000000,128,202,1,,0.0609280000000,0.0611295840000,true
coarse,hybrid,1000000,512,202,2,,0.0787730000000,0.0790065830000,true
coarse,hybrid,1000000,96,202,5,,0.0609850000000,0.0612920410000,true
coarse,hybrid,1000000,768,202,4,,0.0770750000000,0.0771590830000,true
coarse,hybrid,1000000,128,202,2,,0.0597800000000,0.0598636670000,true
coarse,hybrid,1000000,768,202,5,,0.0770850000000,0.0772453750000,true
coarse,hybrid,1000000,16,202,4,,0.0638190000000,0.0639139170000,true
coarse,hybrid,1000000,64,202,4,,0.0600620000000,0.0601788330000,true
coarse,hybrid,1000000,2048,202,5,,0.166935000000,0.167152334000,true
coarse,hybrid,1000000,48,202,1,,0.0615720000000,0.0617030830000,true
coarse,hybrid,1000000,1024,202,3,,0.107078000000,0.107570333000,true
coarse,hybrid,1000000,48,202,3,,0.0620760000000,0.0623024170000,true
coarse,hybrid,1000000,512,202,3,,0.0777950000000,0.0780148750000,true
coarse,hybrid,1000000,2048,202,2,,0.169555000000,0.170174458000,true
coarse,hybrid,1000000,64,202,3,,0.0608660000000,0.0610957500000,true
coarse,hybrid,1000000,64,202,1,,0.0609370000000,0.0611502090000,true
coarse,hybrid,100000,4,202,0,1536783,,,true
coarse,hybrid,100000,1024,202,0,20313461,,,true
coarse,hybrid,100000,24,202,0,1764052,,,true
coarse,hybrid,100000,96,202,0,2384409,,,true
coarse,hybrid,100000,48,202,0,1947352,,,true
coarse,hybrid,100000,8,202,0,1557738,,,true
coarse,hybrid,100000,384,202,0,5856802,,,true
coarse,hybrid,100000,768,202,0,10639010,,,true
coarse,hybrid,100000,1,202,0,1536530,,,true
coarse,hybrid,100000,192,202,0,3510545,,,true
coarse,hybrid,100000,64,202,0,2384409,,,true
coarse,hybrid,100000,16,202,0,1638230,,,true
coarse,hybrid,100000,2,202,0,1536530,,,true
coarse,hybrid,100000,1536,202,0,20313461,,,true
coarse,hybrid,100000,2048,202,0,39737165,,,true
coarse,hybrid,100000,128,202,0,3510545,,,true
coarse,hybrid,100000,32,202,0,1861120,,,true
coarse,hybrid,100000,256,202,0,5856802,,,true
coarse,hybrid,100000,512,202,0,10639010,,,true
coarse,hybrid,100000,8,202,1,,0.00567200000000,0.00575262500000,true
coarse,hybrid,100000,64,202,4,,0.00476100000000,0.00480220800000,true
coarse,hybrid,100000,2048,202,3,,0.0128390000000,0.0128745410000,true
coarse,hybrid,100000,96,202,3,,0.00475400000000,0.00477087500000,true
coarse,hybrid,100000,128,202,5,,0.00476100000000,0.00477325000000,true
coarse,hybrid,100000,1,202,5,,0.00634300000000,0.00636754100000,true
coarse,hybrid,100000,768,202,1,,0.00605800000000,0.00608750000000,true
coarse,hybrid,100000,512,202,2,,0.00604300000000,0.00607845800000,true
coarse,hybrid,100000,8,202,2,,0.00570100000000,0.00571516600000,true
coarse,hybrid,100000,2,202,2,,0.00625000000000,0.00627316700000,true
coarse,hybrid,100000,1536,202,5,,0.00816800000000,0.00818808300000,true
coarse,hybrid,100000,4,202,5,,0.00598200000000,0.00602329100000,true
coarse,hybrid,100000,1024,202,4,,0.00816500000000,0.00820712500000,true
coarse,hybrid,100000,16,202,3,,0.00527500000000,0.00531241700000,true
coarse,hybrid,100000,64,202,3,,0.00476000000000,0.00477470800000,true
coarse,hybrid,100000,8,202,3,,0.00557800000000,0.00558783400000,true
coarse,hybrid,100000,1024,202,1,,0.00814500000000,0.00815208300000,true
coarse,hybrid,100000,2048,202,5,,0.0129970000000,0.0130687080000,true
coarse,hybrid,100000,4,202,4,,0.00590200000000,0.00591100000000,true
coarse,hybrid,100000,768,202,2,,0.00608900000000,0.00611054100000,true
coarse,hybrid,100000,384,202,3,,0.00503300000000,0.00506404200000,true
coarse,hybrid,100000,64,202,1,,0.00483100000000,0.00485037500000,true
coarse,hybrid,100000,768,202,4,,0.00605200000000,0.00605958300000,true
coarse,hybrid,100000,96,202,4,,0.00477800000000,0.00484766600000,true
coarse,hybrid,100000,192,202,1,,0.00491100000000,0.00493441700000,true
coarse,hybrid,100000,24,202,1,,0.00510900000000,0.00513441700000,true
coarse,hybrid,100000,2048,202,4,,0.0127820000000,0.0128288750000,true
coarse,hybrid,100000,1536,202,2,,0.00799500000000,0.00800145900000,true
coarse,hybrid,100000,1536,202,4,,0.00798700000000,0.00799950000000,true
coarse,hybrid,100000,96,202,1,,0.00483300000000,0.00485975000000,true
coarse,hybrid,100000,8,202,5,,0.00549300000000,0.00550916700000,true
coarse,hybrid,100000,24,202,3,,0.00504300000000,0.00504412500000,true
coarse,hybrid,100000,384,202,5,,0.00497400000000,0.00498020800000,true
coarse,hybrid,100000,32,202,5,,0.00494600000000,0.00497016600000,true
coarse,hybrid,100000,32,202,1,,0.00510100000000,0.00511725000000,true
coarse,hybrid,100000,2,202,3,,0.00615800000000,0.00616670800000,true
coarse,hybrid,100000,128,202,1,,0.00476000000000,0.00477620800000,true
coarse,hybrid,100000,1,202,4,,0.00640400000000,0.00642812500000,true
coarse,hybrid,100000,48,202,5,,0.00500800000000,0.00503170900000,true
coarse,hybrid,100000,128,202,2,,0.00479000000000,0.00480987500000,true
coarse,hybrid,100000,16,202,4,,0.00528000000000,0.00529204200000,true
coarse,hybrid,100000,512,202,3,,0.00602000000000,0.00604745800000,true
coarse,hybrid,100000,192,202,4,,0.00471000000000,0.00471891700000,true
coarse,hybrid,100000,192,202,2,,0.00483900000000,0.00485379100000,true
coarse,hybrid,100000,256,202,1,,0.00501500000000,0.00504766700000,true
coarse,hybrid,100000,512,202,5,,0.00611000000000,0.00612175000000,true
coarse,hybrid,100000,48,202,2,,0.00511400000000,0.00518141600000,true
coarse,hybrid,100000,32,202,2,,0.00492000000000,0.00494787500000,true
coarse,hybrid,100000,24,202,2,,0.00504800000000,0.00507041700000,true
coarse,hybrid,100000,48,202,3,,0.00499900000000,0.00503458400000,true
coarse,hybrid,100000,256,202,3,,0.00499600000000,0.00501958300000,true
coarse,hybrid,100000,1536,202,3,,0.00824600000000,0.00828862500000,true
coarse,hybrid,100000,2,202,4,,0.00632200000000,0.00636329200000,true
coarse,hybrid,100000,1536,202,1,,0.00816100000000,0.00816983300000,true
coarse,hybrid,100000,16,202,1,,0.00525200000000,0.00527462500000,true
coarse,hybrid,100000,1,202,3,,0.00626900000000,0.00627920800000,true
coarse,hybrid,100000,8,202,4,,0.00564000000000,0.00566287500000,true
coarse,hybrid,100000,2,202,5,,0.00625100000000,0.00625991700000,true
coarse,hybrid,100000,1024,202,2,,0.00820400000000,0.00824891700000,true
coarse,hybrid,100000,96,202,5,,0.00484300000000,0.00488445900000,true
coarse,hybrid,100000,48,202,4,,0.00495400000000,0.00499900000000,true
coarse,hybrid,100000,512,202,1,,0.00612700000000,0.00614245800000,true
coarse,hybrid,100000,24,202,5,,0.00515300000000,0.00517733300000,true
coarse,hybrid,100000,64,202,5,,0.00481400000000,0.00486304200000,true
coarse,hybrid,100000,384,202,1,,0.00507500000000,0.00508550000000,true
coarse,hybrid,100000,2048,202,2,,0.0128620000000,0.0129511670000,true
coarse,hybrid,100000,16,202,2,,0.00529500000000,0.00529762500000,true
coarse,hybrid,100000,128,202,4,,0.00483200000000,0.00485125000000,true
coarse,hybrid,100000,4,202,1,,0.00589200000000,0.00592062500000,true
coarse,hybrid,100000,1024,202,3,,0.00813100000000,0.00814537500000,true
coarse,hybrid,100000,1,202,2,,0.00628600000000,0.00630812500000,true
coarse,hybrid,100000,1024,202,5,,0.00818100000000,0.00823520800000,true
coarse,hybrid,100000,768,202,5,,0.00608700000000,0.00608866600000,true
coarse,hybrid,100000,24,202,4,,0.00505700000000,0.00506904100000,true
coarse,hybrid,100000,128,202,3,,0.00480600000000,0.00481295800000,true
coarse,hybrid,100000,96,202,2,,0.00485900000000,0.00489354200000,true
coarse,hybrid,100000,4,202,2,,0.00586100000000,0.00589012500000,true
coarse,hybrid,100000,2,202,1,,0.00616300000000,0.00621275000000,true
coarse,hybrid,100000,256,202,5,,0.00520000000000,0.00522829200000,true
coarse,hybrid,100000,64,202,2,,0.00472300000000,0.00475354200000,true
coarse,hybrid,100000,384,202,4,,0.00505500000000,0.00506070800000,true
coarse,hybrid,100000,256,202,4,,0.00505900000000,0.00509445800000,true
coarse,hybrid,100000,48,202,1,,0.00487400000000,0.00490129200000,true
coarse,hybrid,100000,192,202,5,,0.00476800000000,0.00477608400000,true
coarse,hybrid,100000,32,202,3,,0.00500400000000,0.00501045800000,true
coarse,hybrid,100000,2048,202,1,,0.0129070000000,0.0129468330000,true
coarse,hybrid,100000,768,202,3,,0.00610200000000,0.00613579200000,true
coarse,hybrid,100000,256,202,2,,0.00502500000000,0.00505904100000,true
coarse,hybrid,100000,32,202,4,,0.00496300000000,0.00496508300000,true
coarse,hybrid,100000,4,202,3,,0.00590900000000,0.00595333300000,true
coarse,hybrid,100000,192,202,3,,0.00475500000000,0.00478087500000,true
coarse,hybrid,100000,512,202,4,,0.00601900000000,0.00602854200000,true
coarse,hybrid,100000,384,202,2,,0.00512100000000,0.00518058300000,true
coarse,hybrid,100000,16,202,5,,0.00518700000000,0.00521966700000,true
coarse,hybrid,100000,1,202,1,,0.00643100000000,0.00645545800000,true
coarse,hybrid,10000000,384,303,0,920337379,,,true
coarse,hybrid,10000000,192,303,0,548616065,,,true
coarse,hybrid,10000000,1,303,0,220097831,,,true
coarse,hybrid,10000000,256,303,0,548616065,,,true
coarse,hybrid,10000000,128,303,0,367433645,,,true
coarse,hybrid,10000000,768,303,0,1673788816,,,true
coarse,hybrid,10000000,2,303,0,220097831,,,true
coarse,hybrid,10000000,16,303,0,226414073,,,true
coarse,hybrid,10000000,64,303,0,281264154,,,true
coarse,hybrid,10000000,4,303,0,220220558,,,true
coarse,hybrid,10000000,1024,303,0,1673788816,,,true
coarse,hybrid,10000000,2048,303,0,3188994648,,,true
coarse,hybrid,10000000,8,303,0,221105775,,,true
coarse,hybrid,10000000,1536,303,0,3188994648,,,true
coarse,hybrid,10000000,96,303,0,367433645,,,true
coarse,hybrid,10000000,512,303,0,920337379,,,true
coarse,hybrid,10000000,32,303,0,242302573,,,true
coarse,hybrid,10000000,24,303,0,242302573,,,true
coarse,hybrid,10000000,48,303,0,281264154,,,true
coarse,hybrid,10000000,1,303,5,,0.799493000000,0.802297000000,true
coarse,hybrid,10000000,96,303,4,,0.649262000000,0.650873875000,true
coarse,hybrid,10000000,48,303,1,,0.676750000000,0.682527500000,true
coarse,hybrid,10000000,1536,303,5,,1.05898700000,1.06354945900,true
coarse,hybrid,10000000,96,303,1,,0.655165000000,0.657672750000,true
coarse,hybrid,10000000,384,303,2,,0.688813000000,0.691063917000,true
coarse,hybrid,10000000,384,303,5,,0.685415000000,0.687007000000,true
coarse,hybrid,10000000,512,303,3,,0.691498000000,0.694675833000,true
coarse,hybrid,10000000,384,303,1,,0.689373000000,0.692460334000,true
coarse,hybrid,10000000,256,303,1,,0.653133000000,0.655235709000,true
coarse,hybrid,10000000,256,303,3,,0.650191000000,0.652201083000,true
coarse,hybrid,10000000,2,303,4,,0.798282000000,0.800482791000,true
coarse,hybrid,10000000,192,303,4,,0.650546000000,0.652648333000,true
coarse,hybrid,10000000,16,303,1,,0.720995000000,0.724759125000,true
coarse,hybrid,10000000,96,303,2,,0.646932000000,0.649001167000,true
coarse,hybrid,10000000,4,303,5,,0.773673000000,0.776534375000,true
coarse,hybrid,10000000,128,303,1,,0.648173000000,0.650535500000,true
coarse,hybrid,10000000,1536,303,2,,1.08108600000,1.08966766700,true
coarse,hybrid,10000000,24,303,2,,0.692803000000,0.696073042000,true
coarse,hybrid,10000000,192,303,1,,0.654579000000,0.657953375000,true
coarse,hybrid,10000000,8,303,1,,0.743221000000,0.745481667000,true
coarse,hybrid,10000000,8,303,2,,0.748959000000,0.751980167000,true
coarse,hybrid,10000000,1536,303,4,,1.05108400000,1.05439529200,true
coarse,hybrid,10000000,1,303,2,,0.802882000000,0.807191417000,true
coarse,hybrid,10000000,48,303,3,,0.671110000000,0.674487041000,true
coarse,hybrid,10000000,512,303,5,,0.683655000000,0.685474125000,true
coarse,hybrid,10000000,4,303,2,,0.765372000000,0.767477167000,true
coarse,hybrid,10000000,1024,303,5,,0.800559000000,0.803462083000,true
coarse,hybrid,10000000,1,303,3,,0.796898000000,0.800016333000,true
coarse,hybrid,10000000,128,303,2,,0.652147000000,0.655487542000,true
coarse,hybrid,10000000,32,303,5,,0.686323000000,0.687965291000,true
coarse,hybrid,10000000,768,303,4,,0.807909000000,0.811164167000,true
coarse,hybrid,10000000,2,303,5,,0.794410000000,0.797710500000,true
coarse,hybrid,10000000,16,303,2,,0.716321000000,0.718883125000,true
coarse,hybrid,10000000,4,303,3,,0.767499000000,0.770669500000,true
coarse,hybrid,10000000,2048,303,2,,1.04884800000,1.05206962500,true
coarse,hybrid,10000000,384,303,3,,0.683209000000,0.684965334000,true
coarse,hybrid,10000000,2,303,2,,0.787201000000,0.790165875000,true
coarse,hybrid,10000000,16,303,3,,0.721543000000,0.725034666000,true
coarse,hybrid,10000000,48,303,5,,0.668901000000,0.672674750000,true
coarse,hybrid,10000000,1024,303,4,,0.802230000000,0.805562584000,true
coarse,hybrid,10000000,32,303,3,,0.695261000000,0.698697375000,true
coarse,hybrid,10000000,2048,303,5,,1.05021200000,1.05324825000,true
coarse,hybrid,10000000,2,303,1,,0.787826000000,0.791232833000,true
coarse,hybrid,10000000,128,303,5,,0.644343000000,0.646694541000,true
coarse,hybrid,10000000,128,303,3,,0.650245000000,0.652677084000,true
coarse,hybrid,10000000,32,303,2,,0.693218000000,0.695603458000,true
coarse,hybrid,10000000,1024,303,1,,0.792537000000,0.794498209000,true
coarse,hybrid,10000000,48,303,2,,0.668607000000,0.671148042000,true
coarse,hybrid,10000000,64,303,1,,0.669568000000,0.672612667000,true
coarse,hybrid,10000000,1,303,1,,0.797283000000,0.800792167000,true
coarse,hybrid,10000000,2048,303,3,,1.05647800000,1.06045791700,true
coarse,hybrid,10000000,768,303,1,,0.796946000000,0.799523167000,true
coarse,hybrid,10000000,512,303,1,,0.686462000000,0.688543917000,true
coarse,hybrid,10000000,24,303,5,,0.685452000000,0.687758708000,true
coarse,hybrid,10000000,2,303,3,,0.790067000000,0.793928292000,true
coarse,hybrid,10000000,1,303,4,,0.789487000000,0.791365250000,true
coarse,hybrid,10000000,512,303,2,,0.679570000000,0.680881833000,true
coarse,hybrid,10000000,8,303,5,,0.747406000000,0.750106833000,true
coarse,hybrid,10000000,1536,303,3,,1.05086400000,1.05448512500,true
coarse,hybrid,10000000,8,303,4,,0.749874000000,0.753278167000,true
coarse,hybrid,10000000,768,303,3,,0.800975000000,0.804213375000,true
coarse,hybrid,10000000,128,303,4,,0.642722000000,0.644129416000,true
coarse,hybrid,10000000,16,303,4,,0.721515000000,0.724873417000,true
coarse,hybrid,10000000,256,303,4,,0.647882000000,0.649732166000,true
coarse,hybrid,10000000,192,303,5,,0.653920000000,0.657166458000,true
coarse,hybrid,10000000,256,303,5,,0.654356000000,0.658451042000,true
coarse,hybrid,10000000,48,303,4,,0.668119000000,0.671015916000,true
coarse,hybrid,10000000,256,303,2,,0.651459000000,0.653633000000,true
coarse,hybrid,10000000,768,303,5,,0.796433000000,0.798695250000,true
coarse,hybrid,10000000,192,303,3,,0.648667000000,0.650792708000,true
coarse,hybrid,10000000,2048,303,4,,1.05014900000,1.05395587500,true
coarse,hybrid,10000000,4,303,1,,0.766380000000,0.768220334000,true
coarse,hybrid,10000000,16,303,5,,0.716719000000,0.719212875000,true
coarse,hybrid,10000000,96,303,5,,0.649905000000,0.652094791000,true
coarse,hybrid,10000000,64,303,3,,0.688226000000,0.709514041000,true
coarse,hybrid,10000000,96,303,3,,0.653091000000,0.656278125000,true
coarse,hybrid,10000000,8,303,3,,0.742617000000,0.744550042000,true
coarse,hybrid,10000000,1024,303,3,,0.801270000000,0.804257250000,true
coarse,hybrid,10000000,64,303,2,,0.668566000000,0.670749542000,true
coarse,hybrid,10000000,1536,303,1,,1.05296100000,1.05662229200,true
coarse,hybrid,10000000,24,303,4,,0.691765000000,0.694722042000,true
coarse,hybrid,10000000,64,303,4,,0.661853000000,0.663273917000,true
coarse,hybrid,10000000,32,303,1,,0.693326000000,0.695668000000,true
coarse,hybrid,10000000,24,303,1,,0.690986000000,0.693179041000,true
coarse,hybrid,10000000,192,303,2,,0.647642000000,0.649356875000,true
coarse,hybrid,10000000,24,303,3,,0.690968000000,0.693795875000,true
coarse,hybrid,10000000,64,303,5,,0.671915000000,0.675888250000,true
coarse,hybrid,10000000,384,303,4,,0.690532000000,0.693295042000,true
coarse,hybrid,10000000,32,303,4,,0.692069000000,0.694687959000,true
coarse,hybrid,10000000,1024,303,2,,0.797563000000,0.800242417000,true
coarse,hybrid,10000000,4,303,4,,0.769956000000,0.773222416000,true
coarse,hybrid,10000000,768,303,2,,0.797611000000,0.800988000000,true
coarse,hybrid,10000000,2048,303,1,,1.05916800000,1.06659404200,true
coarse,hybrid,10000000,512,303,4,,0.683276000000,0.685168416000,true
coarse,hybrid,100000,4,404,0,1536443,,,true
coarse,hybrid,100000,2048,404,0,39756470,,,true
coarse,hybrid,100000,384,404,0,5861672,,,true
coarse,hybrid,100000,192,404,0,3508376,,,true
coarse,hybrid,100000,8,404,0,1556908,,,true
coarse,hybrid,100000,24,404,0,1764137,,,true
coarse,hybrid,100000,32,404,0,1861601,,,true
coarse,hybrid,100000,16,404,0,1638645,,,true
coarse,hybrid,100000,256,404,0,5861672,,,true
coarse,hybrid,100000,512,404,0,10636898,,,true
coarse,hybrid,100000,1536,404,0,20340294,,,true
coarse,hybrid,100000,64,404,0,2379608,,,true
coarse,hybrid,100000,1024,404,0,20340294,,,true
coarse,hybrid,100000,1,404,0,1536079,,,true
coarse,hybrid,100000,768,404,0,10636898,,,true
coarse,hybrid,100000,48,404,0,1947580,,,true
coarse,hybrid,100000,2,404,0,1536079,,,true
coarse,hybrid,100000,128,404,0,3508376,,,true
coarse,hybrid,100000,96,404,0,2379608,,,true
coarse,hybrid,100000,1536,404,3,,0.0107820000000,0.0109013750000,true
coarse,hybrid,100000,1,404,4,,0.00665400000000,0.00671666600000,true
coarse,hybrid,100000,1536,404,2,,0.0108600000000,0.0109110830000,true
coarse,hybrid,100000,16,404,4,,0.00563000000000,0.00563954200000,true
coarse,hybrid,100000,48,404,1,,0.00535300000000,0.00538416700000,true
coarse,hybrid,100000,4,404,3,,0.00625300000000,0.00631000000000,true
coarse,hybrid,100000,48,404,2,,0.00516300000000,0.00518270800000,true
coarse,hybrid,100000,2,404,3,,0.00626000000000,0.00627483400000,true
coarse,hybrid,100000,4,404,4,,0.00601000000000,0.00605183300000,true
coarse,hybrid,100000,96,404,1,,0.00496900000000,0.00498854200000,true
coarse,hybrid,100000,2048,404,4,,0.0176040000000,0.0176565420000,true
coarse,hybrid,100000,1024,404,4,,0.0104810000000,0.0105152920000,true
coarse,hybrid,100000,48,404,5,,0.00513000000000,0.00514787500000,true
coarse,hybrid,100000,8,404,5,,0.00577500000000,0.00578929200000,true
coarse,hybrid,100000,512,404,2,,0.00718900000000,0.00721045800000,true
coarse,hybrid,100000,96,404,3,,0.00504900000000,0.00507262500000,true
coarse,hybrid,100000,256,404,2,,0.00557000000000,0.00559900000000,true
coarse,hybrid,100000,2,404,5,,0.00637000000000,0.00637920800000,true
coarse,hybrid,100000,32,404,2,,0.00530400000000,0.00531950000000,true
coarse,hybrid,100000,512,404,5,,0.00724900000000,0.00727479100000,true
coarse,hybrid,100000,384,404,5,,0.00595400000000,0.00598437500000,true
coarse,hybrid,100000,8,404,1,,0.00583500000000,0.00585204200000,true
coarse,hybrid,100000,384,404,4,,0.00585700000000,0.00588587500000,true
coarse,hybrid,100000,64,404,1,,0.00530900000000,0.00533441700000,true
coarse,hybrid,100000,64,404,3,,0.00518700000000,0.00519641700000,true
coarse,hybrid,100000,192,404,4,,0.00511900000000,0.00513241700000,true
coarse,hybrid,100000,32,404,5,,0.00524700000000,0.00526033300000,true
coarse,hybrid,100000,24,404,4,,0.00534700000000,0.00536020800000,true
coarse,hybrid,100000,384,404,3,,0.00588600000000,0.00594233400000,true
coarse,hybrid,100000,8,404,2,,0.00592500000000,0.00596795800000,true
coarse,hybrid,100000,8,404,4,,0.00595100000000,0.00598666600000,true
coarse,hybrid,100000,24,404,5,,0.00542800000000,0.00544058300000,true
coarse,hybrid,100000,32,404,4,,0.00537100000000,0.00537916600000,true
coarse,hybrid,100000,1024,404,1,,0.0106950000000,0.0107182080000,true
coarse,hybrid,100000,2048,404,5,,0.0178240000000,0.0179143750000,true
coarse,hybrid,100000,768,404,3,,0.00726600000000,0.00728450000000,true
coarse,hybrid,100000,192,404,1,,0.00528100000000,0.00532050000000,true
coarse,hybrid,100000,256,404,1,,0.00582300000000,0.00583637500000,true
coarse,hybrid,100000,16,404,2,,0.00552900000000,0.00553941700000,true
coarse,hybrid,100000,2048,404,2,,0.0184530000000,0.0185559590000,true
coarse,hybrid,100000,32,404,1,,0.00536000000000,0.00537500000000,true
coarse,hybrid,100000,64,404,2,,0.00520600000000,0.00523695800000,true
coarse,hybrid,100000,128,404,4,,0.00534600000000,0.00536179100000,true
coarse,hybrid,100000,1024,404,2,,0.0108250000000,0.0108534590000,true
coarse,hybrid,100000,64,404,4,,0.00515500000000,0.00518379100000,true
coarse,hybrid,100000,2048,404,1,,0.0179730000000,0.0180273750000,true
coarse,hybrid,100000,4,404,5,,0.00626400000000,0.00629462500000,true
coarse,hybrid,100000,768,404,4,,0.00745100000000,0.00748604200000,true
coarse,hybrid,100000,2,404,4,,0.00651400000000,0.00652379200000,true
coarse,hybrid,100000,48,404,4,,0.00528000000000,0.00532512500000,true
coarse,hybrid,100000,192,404,2,,0.00518800000000,0.00521700000000,true
coarse,hybrid,100000,192,404,5,,0.00522200000000,0.00523270900000,true
coarse,hybrid,100000,1,404,5,,0.00648600000000,0.00651766600000,true
coarse,hybrid,100000,24,404,1,,0.00535600000000,0.00538654200000,true
coarse,hybrid,100000,384,404,1,,0.00570300000000,0.00571487500000,true
coarse,hybrid,100000,128,404,5,,0.00527900000000,0.00528875000000,true
coarse,hybrid,100000,768,404,2,,0.00731800000000,0.00735633300000,true
coarse,hybrid,100000,1,404,1,,0.00643500000000,0.00646020800000,true
coarse,hybrid,100000,48,404,3,,0.00521900000000,0.00523416600000,true
coarse,hybrid,100000,4,404,1,,0.00611700000000,0.00611983300000,true
coarse,hybrid,100000,1024,404,3,,0.0105610000000,0.0105943330000,true
coarse,hybrid,100000,8,404,3,,0.00588500000000,0.00589479100000,true
coarse,hybrid,100000,32,404,3,,0.00527300000000,0.00532795800000,true
coarse,hybrid,100000,24,404,3,,0.00534900000000,0.00539725000000,true
coarse,hybrid,100000,384,404,2,,0.00579800000000,0.00581237500000,true
coarse,hybrid,100000,256,404,3,,0.00574900000000,0.00579295800000,true
coarse,hybrid,100000,512,404,1,,0.00721100000000,0.00721787500000,true
coarse,hybrid,100000,1,404,3,,0.00642300000000,0.00645070900000,true
coarse,hybrid,100000,2,404,2,,0.00631300000000,0.00632333400000,true
coarse,hybrid,100000,128,404,2,,0.00528700000000,0.00531291700000,true
coarse,hybrid,100000,64,404,5,,0.00506000000000,0.00508566700000,true
coarse,hybrid,100000,128,404,1,,0.00518200000000,0.00518854100000,true
coarse,hybrid,100000,2,404,1,,0.00638500000000,0.00641979100000,true
coarse,hybrid,100000,16,404,3,,0.00549300000000,0.00552083300000,true
coarse,hybrid,100000,4,404,2,,0.00606500000000,0.00609750000000,true
coarse,hybrid,100000,24,404,2,,0.00538300000000,0.00539550000000,true
coarse,hybrid,100000,128,404,3,,0.00527100000000,0.00529154100000,true
coarse,hybrid,100000,16,404,5,,0.00543900000000,0.00548258400000,true
coarse,hybrid,100000,256,404,4,,0.00576300000000,0.00576979200000,true
coarse,hybrid,100000,96,404,2,,0.00509000000000,0.00511337500000,true
coarse,hybrid,100000,1024,404,5,,0.0106570000000,0.0106890000000,true
coarse,hybrid,100000,96,404,5,,0.00504000000000,0.00504166700000,true
coarse,hybrid,100000,2048,404,3,,0.0179080000000,0.0179879160000,true
coarse,hybrid,100000,192,404,3,,0.00516300000000,0.00517670900000,true
coarse,hybrid,100000,16,404,1,,0.00543600000000,0.00544629100000,true
coarse,hybrid,100000,1,404,2,,0.00639300000000,0.00642216600000,true
coarse,hybrid,100000,256,404,5,,0.00574300000000,0.00577429200000,true
coarse,hybrid,100000,1536,404,1,,0.0106530000000,0.0106965830000,true
coarse,hybrid,100000,1536,404,4,,0.0105470000000,0.0106077920000,true
coarse,hybrid,100000,512,404,4,,0.00724100000000,0.00726375000000,true
coarse,hybrid,100000,96,404,4,,0.00513600000000,0.00516754200000,true
coarse,hybrid,100000,512,404,3,,0.00727300000000,0.00730054100000,true
coarse,hybrid,100000,768,404,1,,0.00741500000000,0.00746779100000,true
coarse,hybrid,100000,768,404,5,,0.00742200000000,0.00744904200000,true
coarse,hybrid,100000,1536,404,5,,0.0106130000000,0.0106690000000,true
coarse,hybrid,10000,1,303,0,120395,,,true
coarse,hybrid,10000,512,303,0,841626,,,true
coarse,hybrid,10000,1536,303,0,3145290,,,true
coarse,hybrid,10000,64,303,0,184770,,,true
coarse,hybrid,10000,768,303,0,1589118,,,true
coarse,hybrid,10000,24,303,0,143742,,,true
coarse,hybrid,10000,16,303,0,127269,,,true
coarse,hybrid,10000,8,303,0,121443,,,true
coarse,hybrid,10000,32,303,0,143742,,,true
coarse,hybrid,10000,128,303,0,273705,,,true
coarse,hybrid,10000,2048,303,0,3145290,,,true
coarse,hybrid,10000,96,303,0,273705,,,true
coarse,hybrid,10000,192,303,0,457831,,,true
coarse,hybrid,10000,384,303,0,841626,,,true
coarse,hybrid,10000,2,303,0,120395,,,true
coarse,hybrid,10000,4,303,0,120428,,,true
coarse,hybrid,10000,1024,303,0,1589118,,,true
coarse,hybrid,10000,256,303,0,457831,,,true
coarse,hybrid,10000,48,303,0,184770,,,true
coarse,hybrid,10000,48,303,3,,0.00222300000000,0.00228258400000,true
coarse,hybrid,10000,32,303,5,,0.00100400000000,0.00100583300000,true
coarse,hybrid,10000,16,303,2,,0.000402000000000,0.000402958000000,true
coarse,hybrid,10000,24,303,4,,0.000350000000000,0.000351041000000,true
coarse,hybrid,10000,128,303,1,,0.000309000000000,0.000310750000000,true
coarse,hybrid,10000,96,303,3,,0.000274000000000,0.000274917000000,true
coarse,hybrid,10000,512,303,1,,0.000324000000000,0.000324833000000,true
coarse,hybrid,10000,384,303,5,,0.000322000000000,0.000322750000000,true
coarse,hybrid,10000,24,303,3,,0.000293000000000,0.000293250000000,true
coarse,hybrid,10000,384,303,2,,0.000306000000000,0.000307000000000,true
coarse,hybrid,10000,1,303,4,,0.000509000000000,0.000522542000000,true
coarse,hybrid,10000,1024,303,1,,0.000490000000000,0.000491458000000,true
coarse,hybrid,10000,2048,303,5,,0.000804000000000,0.000830000000000,true
coarse,hybrid,10000,512,303,4,,0.000363000000000,0.000364541000000,true
coarse,hybrid,10000,24,303,5,,0.000367000000000,0.000368375000000,true
coarse,hybrid,10000,128,303,2,,0.000310000000000,0.000311208000000,true
coarse,hybrid,10000,1536,303,2,,0.000671000000000,0.000673833000000,true
coarse,hybrid,10000,64,303,1,,0.000309000000000,0.000308875000000,true
coarse,hybrid,10000,4,303,5,,0.000421000000000,0.000421375000000,true
coarse,hybrid,10000,512,303,2,,0.000315000000000,0.000315916000000,true
coarse,hybrid,10000,32,303,4,,0.000308000000000,0.000308875000000,true
coarse,hybrid,10000,8,303,3,,0.000489000000000,0.000490500000000,true
coarse,hybrid,10000,16,303,5,,0.000404000000000,0.000405542000000,true
coarse,hybrid,10000,16,303,1,,0.000393000000000,0.000394458000000,true
coarse,hybrid,10000,256,303,4,,0.000303000000000,0.000304291000000,true
coarse,hybrid,10000,64,303,5,,0.000329000000000,0.000354291000000,true
coarse,hybrid,10000,2048,303,3,,0.000697000000000,0.000697458000000,true
coarse,hybrid,10000,256,303,2,,0.000276000000000,0.000277708000000,true
coarse,hybrid,10000,128,303,3,,0.000303000000000,0.000304667000000,true
coarse,hybrid,10000,16,303,3,,0.000361000000000,0.000361833000000,true
coarse,hybrid,10000,1024,303,4,,0.000415000000000,0.000416083000000,true
coarse,hybrid,10000,4,303,4,,0.000389000000000,0.000389833000000,true
coarse,hybrid,10000,1,303,3,,0.000412000000000,0.000412416000000,true
coarse,hybrid,10000,96,303,2,,0.000243000000000,0.000244792000000,true
coarse,hybrid,10000,768,303,2,,0.000409000000000,0.000409416000000,true
coarse,hybrid,10000,4,303,1,,0.000377000000000,0.000378333000000,true
coarse,hybrid,10000,8,303,1,,0.000352000000000,0.000352875000000,true
coarse,hybrid,10000,4,303,2,,0.000372000000000,0.000373291000000,true
coarse,hybrid,10000,2048,303,2,,0.000713000000000,0.000715292000000,true
coarse,hybrid,10000,48,303,5,,0.000345000000000,0.000346834000000,true
coarse,hybrid,10000,2,303,2,,0.000470000000000,0.000470750000000,true
coarse,hybrid,10000,384,303,1,,0.000346000000000,0.000352292000000,true
coarse,hybrid,10000,24,303,2,,0.000363000000000,0.000372333000000,true
coarse,hybrid,10000,1536,303,1,,0.000741000000000,0.000753833000000,true
coarse,hybrid,10000,128,303,5,,0.000326000000000,0.000327375000000,true
coarse,hybrid,10000,32,303,2,,0.000376000000000,0.000380667000000,true
coarse,hybrid,10000,64,303,3,,0.000314000000000,0.000315417000000,true
coarse,hybrid,10000,512,303,5,,0.000319000000000,0.000320208000000,true
coarse,hybrid,10000,1024,303,3,,0.000416000000000,0.000417416000000,true
coarse,hybrid,10000,192,303,5,,0.000273000000000,0.000274125000000,true
coarse,hybrid,10000,512,303,3,,0.000293000000000,0.000293083000000,true
coarse,hybrid,10000,384,303,3,,0.000285000000000,0.000286041000000,true
coarse,hybrid,10000,1536,303,4,,0.000653000000000,0.000653625000000,true
coarse,hybrid,10000,256,303,3,,0.000247000000000,0.000247042000000,true
coarse,hybrid,10000,48,303,4,,0.000265000000000,0.000266000000000,true
coarse,hybrid,10000,8,303,2,,0.000359000000000,0.000359666000000,true
coarse,hybrid,10000,16,303,4,,0.000331000000000,0.000332125000000,true
coarse,hybrid,10000,4,303,3,,0.000381000000000,0.000382666000000,true
coarse,hybrid,10000,2,303,3,,0.000385000000000,0.000385417000000,true
coarse,hybrid,10000,8,303,4,,0.000423000000000,0.000425167000000,true
coarse,hybrid,10000,8,303,5,,0.000382000000000,0.000382459000000,true
coarse,hybrid,10000,32,303,3,,0.000367000000000,0.000382083000000,true
coarse,hybrid,10000,768,303,5,,0.000449000000000,0.000462791000000,true
coarse,hybrid,10000,192,303,2,,0.000296000000000,0.000299166000000,true
coarse,hybrid,10000,192,303,4,,0.000254000000000,0.000254917000000,true
coarse,hybrid,10000,2,303,4,,0.000402000000000,0.000401958000000,true
coarse,hybrid,10000,768,303,4,,0.000428000000000,0.000429000000000,true
coarse,hybrid,10000,768,303,1,,0.000402000000000,0.000403042000000,true
coarse,hybrid,10000,1,303,5,,0.000403000000000,0.000404042000000,true
coarse,hybrid,10000,128,303,4,,0.000253000000000,0.000253625000000,true
coarse,hybrid,10000,384,303,4,,0.000285000000000,0.000284917000000,true
coarse,hybrid,10000,1024,303,2,,0.000402000000000,0.000402375000000,true
coarse,hybrid,10000,64,303,2,,0.000266000000000,0.000266541000000,true
coarse,hybrid,10000,768,303,3,,0.000393000000000,0.000393625000000,true
coarse,hybrid,10000,1,303,2,,0.000409000000000,0.000409750000000,true
coarse,hybrid,10000,1536,303,5,,0.000666000000000,0.000667333000000,true
coarse,hybrid,10000,1,303,1,,0.000481000000000,0.000486167000000,true
coarse,hybrid,10000,2048,303,1,,0.000682000000000,0.000682292000000,true
coarse,hybrid,10000,96,303,5,,0.000283000000000,0.000284834000000,true
coarse,hybrid,10000,2,303,5,,0.000539000000000,0.000600792000000,true
coarse,hybrid,10000,2048,303,4,,0.000678000000000,0.000693667000000,true
coarse,hybrid,10000,96,303,1,,0.000274000000000,0.000274750000000,true
coarse,hybrid,10000,1536,303,3,,0.000689000000000,0.000690250000000,true
coarse,hybrid,10000,48,303,2,,0.000296000000000,0.000296458000000,true
coarse,hybrid,10000,32,303,1,,0.000307000000000,0.000307375000000,true
coarse,hybrid,10000,64,303,4,,0.000264000000000,0.000265375000000,true
coarse,hybrid,10000,192,303,3,,0.000255000000000,0.000255458000000,true
coarse,hybrid,10000,256,303,5,,0.000244000000000,0.000245042000000,true
coarse,hybrid,10000,1024,303,5,,0.000406000000000,0.000407375000000,true
coarse,hybrid,10000,2,303,1,,0.000410000000000,0.000409958000000,true
coarse,hybrid,10000,24,303,1,,0.000294000000000,0.000294125000000,true
coarse,hybrid,10000,192,303,1,,0.000246000000000,0.000247375000000,true
coarse,hybrid,10000,256,303,1,,0.000328000000000,0.000329917000000,true
coarse,hybrid,10000,48,303,1,,0.000336000000000,0.000337375000000,true
coarse,hybrid,10000,96,303,4,,0.000300000000000,0.000301458000000,true
coarse,hybrid,100000,24,505,0,1764928,,,true
coarse,hybrid,100000,1024,505,0,20273554,,,true
coarse,hybrid,100000,512,505,0,10631898,,,true
coarse,hybrid,100000,64,505,0,2381725,,,true
coarse,hybrid,100000,384,505,0,5833864,,,true
coarse,hybrid,100000,2,505,0,1536310,,,true
coarse,hybrid,100000,2048,505,0,39694748,,,true
coarse,hybrid,100000,768,505,0,10631898,,,true
coarse,hybrid,100000,1536,505,0,20273554,,,true
coarse,hybrid,100000,1,505,0,1536310,,,true
coarse,hybrid,100000,48,505,0,1948332,,,true
coarse,hybrid,100000,16,505,0,1639375,,,true
coarse,hybrid,100000,192,505,0,3496694,,,true
coarse,hybrid,100000,4,505,0,1536837,,,true
coarse,hybrid,100000,32,505,0,1861310,,,true
coarse,hybrid,100000,128,505,0,3496694,,,true
coarse,hybrid,100000,96,505,0,2381725,,,true
coarse,hybrid,100000,256,505,0,5833864,,,true
coarse,hybrid,100000,8,505,0,1558089,,,true
coarse,hybrid,100000,4,505,3,,0.00593700000000,0.00604704200000,true
coarse,hybrid,100000,2048,505,5,,0.0103270000000,0.0103626250000,true
coarse,hybrid,100000,2,505,2,,0.00618600000000,0.00623458300000,true
coarse,hybrid,100000,48,505,5,,0.00500800000000,0.00501700000000,true
coarse,hybrid,100000,384,505,2,,0.00499200000000,0.00504520900000,true
coarse,hybrid,100000,4,505,2,,0.00591100000000,0.00593825000000,true
coarse,hybrid,100000,256,505,5,,0.00499000000000,0.00499200000000,true
coarse,hybrid,100000,1,505,2,,0.00628800000000,0.00631275000000,true
coarse,hybrid,100000,1536,505,1,,0.00750100000000,0.00753279100000,true
coarse,hybrid,100000,384,505,5,,0.00493800000000,0.00500645900000,true
coarse,hybrid,100000,192,505,2,,0.00470000000000,0.00470945800000,true
coarse,hybrid,100000,512,505,2,,0.00540300000000,0.00545020800000,true
coarse,hybrid,100000,16,505,3,,0.00537200000000,0.00540920900000,true
coarse,hybrid,100000,1,505,5,,0.00623500000000,0.00624362500000,true
coarse,hybrid,100000,2,505,1,,0.00622400000000,0.00625958300000,true
coarse,hybrid,100000,1024,505,5,,0.00753300000000,0.00758558400000,true
coarse,hybrid,100000,96,505,3,,0.00481400000000,0.00487033400000,true
coarse,hybrid,100000,768,505,2,,0.00528600000000,0.00528775000000,true
coarse,hybrid,100000,48,505,2,,0.00492100000000,0.00494895800000,true
coarse,hybrid,100000,384,505,1,,0.00483500000000,0.00485137500000,true
coarse,hybrid,100000,96,505,2,,0.00486100000000,0.00488800000000,true
coarse,hybrid,100000,2048,505,1,,0.0103850000000,0.0104512910000,true
coarse,hybrid,100000,192,505,5,,0.00467600000000,0.00469987500000,true
coarse,hybrid,100000,32,505,3,,0.00498600000000,0.00503104100000,true
coarse,hybrid,100000,24,505,3,,0.00530400000000,0.00532920800000,true
coarse,hybrid,100000,96,505,5,,0.00488400000000,0.00490758300000,true
coarse,hybrid,100000,1536,505,2,,0.00757800000000,0.00762008300000,true
coarse,hybrid,100000,128,505,4,,0.00469100000000,0.00473533400000,true
coarse,hybrid,100000,48,505,1,,0.00501500000000,0.00502833400000,true
coarse,hybrid,100000,4,505,1,,0.00598600000000,0.00602341700000,true
coarse,hybrid,100000,8,505,2,,0.00558000000000,0.00559691700000,true
coarse,hybrid,100000,512,505,4,,0.00547500000000,0.00551041600000,true
coarse,hybrid,100000,1,505,1,,0.00631600000000,0.00637550000000,true
coarse,hybrid,100000,96,505,1,,0.00481200000000,0.00485579100000,true
coarse,hybrid,100000,1536,505,5,,0.00748600000000,0.00748887500000,true
coarse,hybrid,100000,128,505,1,,0.00468500000000,0.00472620800000,true
coarse,hybrid,100000,24,505,2,,0.00512900000000,0.00518200000000,true
coarse,hybrid,100000,768,505,3,,0.00536200000000,0.00536412500000,true
coarse,hybrid,100000,24,505,4,,0.00534800000000,0.00541912500000,true
coarse,hybrid,100000,32,505,5,,0.00499200000000,0.00502129200000,true
coarse,hybrid,100000,24,505,5,,0.00519400000000,0.00520754200000,true
coarse,hybrid,100000,512,505,1,,0.00536000000000,0.00541041600000,true
coarse,hybrid,100000,32,505,2,,0.00497900000000,0.00503516700000,true
coarse,hybrid,100000,512,505,3,,0.00530600000000,0.00532008400000,true
coarse,hybrid,100000,24,505,1,,0.00522100000000,0.00526766700000,true
coarse,hybrid,100000,256,505,4,,0.00491500000000,0.00495854100000,true
coarse,hybrid,100000,192,505,3,,0.00472300000000,0.00477320800000,true
coarse,hybrid,100000,16,505,1,,0.00535700000000,0.00542500000000,true
coarse,hybrid,100000,48,505,4,,0.00500800000000,0.00502945900000,true
coarse,hybrid,100000,8,505,3,,0.00547000000000,0.00549745900000,true
coarse,hybrid,100000,4,505,4,,0.00586200000000,0.00589158400000,true
coarse,hybrid,100000,128,505,3,,0.00452100000000,0.00452195900000,true
coarse,hybrid,100000,192,505,4,,0.00460800000000,0.00462266600000,true
coarse,hybrid,100000,64,505,5,,0.00473400000000,0.00473962500000,true
coarse,hybrid,100000,8,505,1,,0.00549400000000,0.00552887500000,true
coarse,hybrid,100000,4,505,5,,0.00589000000000,0.00589920900000,true
coarse,hybrid,100000,32,505,1,,0.00483100000000,0.00484045800000,true
coarse,hybrid,100000,64,505,1,,0.00479400000000,0.00481020800000,true
coarse,hybrid,100000,32,505,4,,0.00486300000000,0.00489708300000,true
coarse,hybrid,100000,48,505,3,,0.00479500000000,0.00479558300000,true
coarse,hybrid,100000,128,505,2,,0.00452100000000,0.00454095900000,true
coarse,hybrid,100000,64,505,4,,0.00468500000000,0.00468683300000,true
coarse,hybrid,100000,1024,505,4,,0.00746800000000,0.00753183400000,true
coarse,hybrid,100000,2048,505,2,,0.0102570000000,0.0102940000000,true
coarse,hybrid,100000,384,505,4,,0.00487400000000,0.00488520800000,true
coarse,hybrid,100000,16,505,4,,0.00535500000000,0.00538687500000,true
coarse,hybrid,100000,768,505,1,,0.00515500000000,0.00515691700000,true
coarse,hybrid,100000,1024,505,3,,0.00740800000000,0.00742950000000,true
coarse,hybrid,100000,64,505,2,,0.00480800000000,0.00485125000000,true
coarse,hybrid,100000,64,505,3,,0.00471200000000,0.00472541700000,true
coarse,hybrid,100000,128,505,5,,0.00448100000000,0.00448245900000,true
coarse,hybrid,100000,1536,505,4,,0.00738800000000,0.00740570800000,true
coarse,hybrid,100000,768,505,5,,0.00523600000000,0.00525429200000,true
coarse,hybrid,100000,1,505,4,,0.00619200000000,0.00620212500000,true
coarse,hybrid,100000,256,505,1,,0.00489000000000,0.00492079200000,true
coarse,hybrid,100000,384,505,3,,0.00482200000000,0.00484091700000,true
coarse,hybrid,100000,256,505,3,,0.00483700000000,0.00484737500000,true
coarse,hybrid,100000,2048,505,4,,0.0102150000000,0.0102340000000,true
coarse,hybrid,100000,1024,505,2,,0.00738200000000,0.00740629100000,true
coarse,hybrid,100000,2,505,3,,0.00599900000000,0.00602312500000,true
coarse,hybrid,100000,96,505,4,,0.00474200000000,0.00474825000000,true
coarse,hybrid,100000,8,505,5,,0.00549100000000,0.00549200000000,true
coarse,hybrid,100000,1024,505,1,,0.00736200000000,0.00737770800000,true
coarse,hybrid,100000,512,505,5,,0.00524300000000,0.00525891600000,true
coarse,hybrid,100000,1,505,3,,0.00620100000000,0.00624754100000,true
coarse,hybrid,100000,16,505,2,,0.00536100000000,0.00537129200000,true
coarse,hybrid,100000,768,505,4,,0.00525400000000,0.00528200000000,true
coarse,hybrid,100000,2,505,5,,0.00600200000000,0.00602200000000,true
coarse,hybrid,100000,2,505,4,,0.00602100000000,0.00602995900000,true
coarse,hybrid,100000,16,505,5,,0.00542500000000,0.00545087500000,true
coarse,hybrid,100000,192,505,1,,0.00462400000000,0.00465300000000,true
coarse,hybrid,100000,2048,505,3,,0.0104430000000,0.0105032080000,true
coarse,hybrid,100000,256,505,2,,0.00484800000000,0.00484929100000,true
coarse,hybrid,100000,1536,505,3,,0.00746800000000,0.00752029200000,true
coarse,hybrid,100000,8,505,4,,0.00560300000000,0.00565612500000,true
coarse,hybrid,1000000,32,404,0,23185945,,,true
coarse,hybrid,1000000,512,404,0,133715214,,,true
coarse,hybrid,1000000,96,404,0,29899723,,,true
coarse,hybrid,1000000,8,404,0,19072701,,,true
coarse,hybrid,1000000,2,404,0,18674305,,,true
coarse,hybrid,1000000,192,404,0,44231014,,,true
coarse,hybrid,1000000,4,404,0,18727702,,,true
coarse,hybrid,1000000,128,404,0,44231014,,,true
coarse,hybrid,1000000,256,404,0,73746846,,,true
coarse,hybrid,1000000,48,404,0,23185945,,,true
coarse,hybrid,1000000,24,404,0,20224547,,,true
coarse,hybrid,1000000,1,404,0,18674305,,,true
coarse,hybrid,1000000,384,404,0,73746846,,,true
coarse,hybrid,1000000,1536,404,0,254827620,,,true
coarse,hybrid,1000000,64,404,0,29899723,,,true
coarse,hybrid,1000000,1024,404,0,254827620,,,true
coarse,hybrid,1000000,16,404,0,20224547,,,true
coarse,hybrid,1000000,768,404,0,133715214,,,true
coarse,hybrid,1000000,2048,404,0,497767724,,,true
coarse,hybrid,1000000,768,404,4,,0.0733330000000,0.0740657500000,true
coarse,hybrid,1000000,512,404,5,,0.100344000000,0.100904125000,true
coarse,hybrid,1000000,64,404,3,,0.0599640000000,0.0603645840000,true
coarse,hybrid,1000000,16,404,4,,0.0647440000000,0.0651087910000,true
coarse,hybrid,1000000,48,404,2,,0.0689230000000,0.0692608330000,true
coarse,hybrid,1000000,2048,404,1,,0.235474000000,0.236975625000,true
coarse,hybrid,1000000,2,404,4,,0.0735310000000,0.0739397500000,true
coarse,hybrid,1000000,32,404,5,,0.0685610000000,0.0689370830000,true
coarse,hybrid,1000000,128,404,1,,0.0715840000000,0.0720010420000,true
coarse,hybrid,1000000,512,404,2,,0.100324000000,0.100879458000,true
coarse,hybrid,1000000,1536,404,2,,0.0884470000000,0.0888157910000,true
coarse,hybrid,1000000,2,404,5,,0.0736010000000,0.0739168750000,true
coarse,hybrid,1000000,192,404,1,,0.0712890000000,0.0715512500000,true
coarse,hybrid,1000000,64,404,2,,0.0593540000000,0.0595833340000,true
coarse,hybrid,1000000,1,404,3,,0.0750040000000,0.0753129580000,true
coarse,hybrid,1000000,1,404,1,,0.0736080000000,0.0737810000000,true
coarse,hybrid,1000000,96,404,2,,0.0584520000000,0.0585521660000,true
coarse,hybrid,1000000,192,404,2,,0.0699190000000,0.0699981250000,true
coarse,hybrid,1000000,24,404,5,,0.0639070000000,0.0640966670000,true
coarse,hybrid,1000000,16,404,3,,0.0668410000000,0.0678704580000,true
coarse,hybrid,1000000,128,404,2,,0.0745000000000,0.0761670830000,true
coarse,hybrid,1000000,1536,404,1,,0.0892700000000,0.0899319580000,true
coarse,hybrid,1000000,16,404,1,,0.0637140000000,0.0638731670000,true
coarse,hybrid,1000000,4,404,1,,0.0692320000000,0.0693762080000,true
coarse,hybrid,1000000,2,404,3,,0.0732950000000,0.0735027080000,true
coarse,hybrid,1000000,256,404,5,,0.0606960000000,0.0609605420000,true
coarse,hybrid,1000000,1,404,2,,0.0746960000000,0.0749720000000,true
coarse,hybrid,1000000,96,404,5,,0.0592400000000,0.0594596250000,true
coarse,hybrid,1000000,1024,404,3,,0.0888500000000,0.0893530830000,true
coarse,hybrid,1000000,4,404,4,,0.0702530000000,0.0705787500000,true
coarse,hybrid,1000000,2048,404,2,,0.233326000000,0.234132250000,true
coarse,hybrid,1000000,256,404,2,,0.0601400000000,0.0603558750000,true
coarse,hybrid,1000000,384,404,3,,0.0606750000000,0.0609359160000,true
coarse,hybrid,1000000,384,404,1,,0.0599840000000,0.0601713750000,true
coarse,hybrid,1000000,192,404,4,,0.0710900000000,0.0714464580000,true
coarse,hybrid,1000000,192,404,5,,0.0711370000000,0.0715330420000,true
coarse,hybrid,1000000,384,404,2,,0.0595960000000,0.0596466250000,true
coarse,hybrid,1000000,768,404,3,,0.0998490000000,0.100227542000,true
coarse,hybrid,1000000,512,404,4,,0.0995790000000,0.0999570840000,true
coarse,hybrid,1000000,128,404,5,,0.0709720000000,0.0712203340000,true
coarse,hybrid,1000000,24,404,4,,0.0645840000000,0.0648900840000,true
coarse,hybrid,1000000,24,404,2,,0.0637030000000,0.0638125830000,true
coarse,hybrid,1000000,1024,404,5,,0.0874460000000,0.0875935410000,true
coarse,hybrid,1000000,1,404,4,,0.0745990000000,0.0748875830000,true
coarse,hybrid,1000000,24,404,1,,0.0644390000000,0.0647529160000,true
coarse,hybrid,1000000,128,404,3,,0.0699150000000,0.0700558340000,true
coarse,hybrid,1000000,1024,404,1,,0.0880680000000,0.0882922090000,true
coarse,hybrid,1000000,768,404,2,,0.0993570000000,0.0996286670000,true
coarse,hybrid,1000000,8,404,4,,0.0712420000000,0.0714955000000,true
coarse,hybrid,1000000,768,404,1,,0.0999810000000,0.100443250000,true
coarse,hybrid,1000000,2048,404,3,,0.231690000000,0.232851250000,true
coarse,hybrid,1000000,1536,404,4,,0.0880180000000,0.0885706670000,true
coarse,hybrid,1000000,64,404,5,,0.0591420000000,0.0595712080000,true
coarse,hybrid,1000000,4,404,2,,0.0700590000000,0.0703828750000,true
coarse,hybrid,1000000,1536,404,5,,0.0892660000000,0.0898280000000,true
coarse,hybrid,1000000,1024,404,4,,0.0889960000000,0.0895141250000,true
coarse,hybrid,1000000,1536,404,3,,0.0893920000000,0.0899372920000,true
coarse,hybrid,1000000,32,404,2,,0.0682900000000,0.0686371660000,true
coarse,hybrid,1000000,2,404,2,,0.0731480000000,0.0735042090000,true
coarse,hybrid,1000000,48,404,1,,0.0687040000000,0.0691051250000,true
coarse,hybrid,1000000,256,404,3,,0.0608360000000,0.0611096250000,true
coarse,hybrid,1000000,96,404,1,,0.0593630000000,0.0595727920000,true
coarse,hybrid,1000000,192,404,3,,0.0709600000000,0.0712425830000,true
coarse,hybrid,1000000,4,404,5,,0.0703930000000,0.0706657080000,true
coarse,hybrid,1000000,2,404,1,,0.0733430000000,0.0736325420000,true
coarse,hybrid,1000000,32,404,4,,0.0683020000000,0.0685072080000,true
coarse,hybrid,1000000,8,404,2,,0.0707370000000,0.0709198750000,true
coarse,hybrid,1000000,48,404,3,,0.0691250000000,0.0695599590000,true
coarse,hybrid,1000000,64,404,4,,0.0592650000000,0.0594692500000,true
coarse,hybrid,1000000,2048,404,5,,0.231751000000,0.232273667000,true
coarse,hybrid,1000000,1024,404,2,,0.0869720000000,0.0871012500000,true
coarse,hybrid,1000000,16,404,2,,0.0635290000000,0.0636384580000,true
coarse,hybrid,1000000,128,404,4,,0.0696360000000,0.0697636250000,true
coarse,hybrid,1000000,8,404,1,,0.0700040000000,0.0701390410000,true
coarse,hybrid,1000000,48,404,5,,0.0684640000000,0.0687092080000,true
coarse,hybrid,1000000,384,404,5,,0.0606410000000,0.0608565000000,true
coarse,hybrid,1000000,48,404,4,,0.0682970000000,0.0685230420000,true
coarse,hybrid,1000000,16,404,5,,0.0646810000000,0.0649350420000,true
coarse,hybrid,1000000,512,404,1,,0.0997630000000,0.100081208000,true
coarse,hybrid,1000000,8,404,5,,0.0711450000000,0.0713596660000,true
coarse,hybrid,1000000,96,404,3,,0.0581950000000,0.0582778750000,true
coarse,hybrid,1000000,2048,404,4,,0.229842000000,0.230167416000,true
coarse,hybrid,1000000,96,404,4,,0.0584120000000,0.0585132500000,true
coarse,hybrid,1000000,32,404,3,,0.0685340000000,0.0687573330000,true
coarse,hybrid,1000000,32,404,1,,0.0686810000000,0.0689495000000,true
coarse,hybrid,1000000,384,404,4,,0.0607100000000,0.0609539170000,true
coarse,hybrid,1000000,512,404,3,,0.0994780000000,0.0998579160000,true
coarse,hybrid,1000000,64,404,1,,0.0596820000000,0.0598969170000,true
coarse,hybrid,1000000,1,404,5,,0.0768530000000,0.0771754160000,true
coarse,hybrid,1000000,256,404,4,,0.0609320000000,0.0611860410000,true
coarse,hybrid,1000000,8,404,3,,0.0716160000000,0.0719296250000,true
coarse,hybrid,1000000,256,404,1,,0.0609360000000,0.0611729590000,true
coarse,hybrid,1000000,24,404,3,,0.0647840000000,0.0650077080000,true
coarse,hybrid,1000000,768,404,5,,0.100022000000,0.100318125000,true
coarse,hybrid,1000000,4,404,3,,0.0705050000000,0.0707916670000,true
coarse,hybrid,10000000,768,404,0,1673132871,,,true
coarse,hybrid,10000000,96,404,0,367352718,,,true
coarse,hybrid,10000000,1536,404,0,3188693789,,,true
coarse,hybrid,10000000,1,404,0,220102816,,,true
coarse,hybrid,10000000,2048,404,0,3188693789,,,true
coarse,hybrid,10000000,64,404,0,281256968,,,true
coarse,hybrid,10000000,512,404,0,920033457,,,true
coarse,hybrid,10000000,48,404,0,281256968,,,true
coarse,hybrid,10000000,192,404,0,548538752,,,true
coarse,hybrid,10000000,32,404,0,242304980,,,true
coarse,hybrid,10000000,24,404,0,242304980,,,true
coarse,hybrid,10000000,256,404,0,548538752,,,true
coarse,hybrid,10000000,1024,404,0,1673132871,,,true
coarse,hybrid,10000000,2,404,0,220102816,,,true
coarse,hybrid,10000000,8,404,0,221109561,,,true
coarse,hybrid,10000000,4,404,0,220224136,,,true
coarse,hybrid,10000000,128,404,0,367352718,,,true
coarse,hybrid,10000000,384,404,0,920033457,,,true
coarse,hybrid,10000000,16,404,0,226413209,,,true
coarse,hybrid,10000000,16,404,1,,0.725573000000,0.728334292000,true
coarse,hybrid,10000000,1536,404,5,,1.06801600000,1.07170775000,true
coarse,hybrid,10000000,768,404,2,,0.805997000000,0.808778416000,true
coarse,hybrid,10000000,24,404,4,,0.688107000000,0.690452500000,true
coarse,hybrid,10000000,2,404,4,,0.781539000000,0.783833167000,true
coarse,hybrid,10000000,4,404,1,,0.774559000000,0.777619959000,true
coarse,hybrid,10000000,2048,404,5,,1.07227900000,1.07663129100,true
coarse,hybrid,10000000,512,404,1,,0.693526000000,0.696061625000,true
coarse,hybrid,10000000,24,404,5,,0.693892000000,0.696450667000,true
coarse,hybrid,10000000,64,404,4,,0.661953000000,0.663393875000,true
coarse,hybrid,10000000,64,404,3,,0.669709000000,0.672227833000,true
coarse,hybrid,10000000,16,404,3,,0.722354000000,0.724593334000,true
coarse,hybrid,10000000,32,404,2,,0.691293000000,0.694324875000,true
coarse,hybrid,10000000,24,404,1,,0.688308000000,0.690669708000,true
coarse,hybrid,10000000,2,404,2,,0.807867000000,0.821448375000,true
coarse,hybrid,10000000,1024,404,3,,0.809937000000,0.812410917000,true
coarse,hybrid,10000000,512,404,5,,0.696019000000,0.698349542000,true
coarse,hybrid,10000000,128,404,5,,0.657466000000,0.663575333000,true
coarse,hybrid,10000000,2048,404,3,,1.07610900000,1.08208358300,true
coarse,hybrid,10000000,1,404,5,,0.788181000000,0.790019792000,true
coarse,hybrid,10000000,384,404,1,,0.690390000000,0.692185291000,true
coarse,hybrid,10000000,2,404,5,,0.784251000000,0.786939875000,true
coarse,hybrid,10000000,48,404,3,,0.663081000000,0.665724250000,true
coarse,hybrid,10000000,768,404,3,,0.814235000000,0.817999417000,true
coarse,hybrid,10000000,32,404,5,,0.691095000000,0.693919333000,true
coarse,hybrid,10000000,1024,404,1,,0.805896000000,0.807865041000,true
coarse,hybrid,10000000,512,404,4,,0.689772000000,0.691566459000,true
coarse,hybrid,10000000,8,404,5,,0.742829000000,0.745905500000,true
coarse,hybrid,10000000,1024,404,4,,0.812763000000,0.816513917000,true
coarse,hybrid,10000000,512,404,3,,0.687183000000,0.688710250000,true
coarse,hybrid,10000000,48,404,5,,0.668123000000,0.670835917000,true
coarse,hybrid,10000000,384,404,2,,0.689535000000,0.691115750000,true
coarse,hybrid,10000000,8,404,1,,0.739124000000,0.741134667000,true
coarse,hybrid,10000000,768,404,4,,0.813161000000,0.817222708000,true
coarse,hybrid,10000000,4,404,3,,0.774926000000,0.777904834000,true
coarse,hybrid,10000000,2,404,3,,0.779069000000,0.781046542000,true
coarse,hybrid,10000000,512,404,2,,0.687132000000,0.688707958000,true
coarse,hybrid,10000000,4,404,2,,0.771992000000,0.774621042000,true
coarse,hybrid,10000000,48,404,1,,0.664762000000,0.667616292000,true
coarse,hybrid,10000000,1,404,4,,0.790764000000,0.793028583000,true
coarse,hybrid,10000000,16,404,4,,0.713841000000,0.715889916000,true
coarse,hybrid,10000000,1536,404,1,,1.06855800000,1.07173170900,true
coarse,hybrid,10000000,768,404,5,,0.806638000000,0.809004292000,true
coarse,hybrid,10000000,384,404,3,,0.690275000000,0.692886625000,true
coarse,hybrid,10000000,256,404,1,,0.652018000000,0.654205458000,true
coarse,hybrid,10000000,256,404,3,,0.647448000000,0.648774667000,true
coarse,hybrid,10000000,1024,404,5,,0.812969000000,0.816217416000,true
coarse,hybrid,10000000,8,404,3,,0.742741000000,0.744739000000,true
coarse,hybrid,10000000,2048,404,4,,1.07479800000,1.07935841600,true
coarse,hybrid,10000000,384,404,4,,0.691747000000,0.693938208000,true
coarse,hybrid,10000000,1024,404,2,,0.815035000000,0.818153167000,true
coarse,hybrid,10000000,256,404,5,,0.654692000000,0.656552917000,true
coarse,hybrid,10000000,96,404,4,,0.654649000000,0.657147959000,true
coarse,hybrid,10000000,384,404,5,,0.696791000000,0.699889375000,true
coarse,hybrid,10000000,16,404,2,,0.725010000000,0.728513625000,true
coarse,hybrid,10000000,192,404,3,,0.656442000000,0.658537042000,true
coarse,hybrid,10000000,48,404,2,,0.667328000000,0.669661625000,true
coarse,hybrid,10000000,96,404,3,,0.655177000000,0.657743250000,true
coarse,hybrid,10000000,128,404,4,,0.645657000000,0.647288250000,true
coarse,hybrid,10000000,8,404,2,,0.751092000000,0.754535625000,true
coarse,hybrid,10000000,64,404,2,,0.666191000000,0.668874958000,true
coarse,hybrid,10000000,128,404,1,,0.646553000000,0.648111791000,true
coarse,hybrid,10000000,96,404,1,,0.648497000000,0.650337125000,true
coarse,hybrid,10000000,2048,404,2,,1.06899200000,1.07175029100,true
coarse,hybrid,10000000,192,404,1,,0.657327000000,0.660011583000,true
coarse,hybrid,10000000,4,404,4,,0.774953000000,0.778925958000,true
coarse,hybrid,10000000,4,404,5,,0.773573000000,0.776328667000,true
coarse,hybrid,10000000,192,404,4,,0.650230000000,0.651904459000,true
coarse,hybrid,10000000,32,404,3,,0.688967000000,0.691139917000,true
coarse,hybrid,10000000,1536,404,4,,1.07325500000,1.07745604200,true
coarse,hybrid,10000000,32,404,1,,0.694168000000,0.698088875000,true
coarse,hybrid,10000000,1,404,3,,0.790132000000,0.792121875000,true
coarse,hybrid,10000000,96,404,5,,0.646307000000,0.647926834000,true
coarse,hybrid,10000000,24,404,2,,0.686021000000,0.688096458000,true
coarse,hybrid,10000000,1536,404,2,,1.07222500000,1.07633516700,true
coarse,hybrid,10000000,192,404,5,,0.660463000000,0.664255500000,true
coarse,hybrid,10000000,128,404,3,,0.645367000000,0.647183917000,true
coarse,hybrid,10000000,128,404,2,,0.652614000000,0.654904541000,true
coarse,hybrid,10000000,8,404,4,,0.741120000000,0.743181959000,true
coarse,hybrid,10000000,768,404,1,,0.806986000000,0.809053000000,true
coarse,hybrid,10000000,256,404,2,,0.657847000000,0.661159791000,true
coarse,hybrid,10000000,24,404,3,,0.686559000000,0.689071792000,true
coarse,hybrid,10000000,1,404,1,,0.789818000000,0.791940833000,true
coarse,hybrid,10000000,32,404,4,,0.692857000000,0.695547667000,true
coarse,hybrid,10000000,2048,404,1,,1.07631500000,1.08033066700,true
coarse,hybrid,10000000,192,404,2,,0.653409000000,0.655888875000,true
coarse,hybrid,10000000,64,404,5,,0.671145000000,0.675766333000,true
coarse,hybrid,10000000,48,404,4,,0.668697000000,0.673193584000,true
coarse,hybrid,10000000,256,404,4,,0.655628000000,0.658002708000,true
coarse,hybrid,10000000,1,404,2,,0.799132000000,0.802252125000,true
coarse,hybrid,10000000,64,404,1,,0.660258000000,0.662125625000,true
coarse,hybrid,10000000,1536,404,3,,1.11771800000,1.14256833300,true
coarse,hybrid,10000000,16,404,5,,0.711865000000,0.713787084000,true
coarse,hybrid,10000000,2,404,1,,0.782828000000,0.785405000000,true
coarse,hybrid,10000000,96,404,2,,0.646167000000,0.647810666000,true
coarse,hybrid,10000,128,202,0,271637,,,true
coarse,hybrid,10000,32,202,0,143335,,,true
coarse,hybrid,10000,24,202,0,143335,,,true
coarse,hybrid,10000,96,202,0,271637,,,true
coarse,hybrid,10000,1024,202,0,1601671,,,true
coarse,hybrid,10000,384,202,0,830458,,,true
coarse,hybrid,10000,4,202,0,120537,,,true
coarse,hybrid,10000,48,202,0,183343,,,true
coarse,hybrid,10000,64,202,0,183343,,,true
coarse,hybrid,10000,256,202,0,450891,,,true
coarse,hybrid,10000,2048,202,0,3124223,,,true
coarse,hybrid,10000,16,202,0,127059,,,true
coarse,hybrid,10000,8,202,0,121566,,,true
coarse,hybrid,10000,1,202,0,120484,,,true
coarse,hybrid,10000,512,202,0,830458,,,true
coarse,hybrid,10000,192,202,0,450891,,,true
coarse,hybrid,10000,768,202,0,1601671,,,true
coarse,hybrid,10000,2,202,0,120484,,,true
coarse,hybrid,10000,1536,202,0,3124223,,,true
coarse,hybrid,10000,1024,202,5,,0.000959000000000,0.00105600000000,true
coarse,hybrid,10000,1024,202,3,,0.000732000000000,0.000734334000000,true
coarse,hybrid,10000,1024,202,2,,0.000727000000000,0.000735208000000,true
coarse,hybrid,10000,24,202,2,,0.000920000000000,0.000923041000000,true
coarse,hybrid,10000,1,202,5,,0.000458000000000,0.000458750000000,true
coarse,hybrid,10000,1024,202,4,,0.000525000000000,0.000535042000000,true
coarse,hybrid,10000,48,202,1,,0.000341000000000,0.000343083000000,true
coarse,hybrid,10000,4,202,1,,0.000437000000000,0.000438375000000,true
coarse,hybrid,10000,128,202,4,,0.000293000000000,0.000294417000000,true
coarse,hybrid,10000,64,202,5,,0.000294000000000,0.000295792000000,true
coarse,hybrid,10000,384,202,2,,0.000321000000000,0.000322708000000,true
coarse,hybrid,10000,256,202,5,,0.000265000000000,0.000265541000000,true
coarse,hybrid,10000,768,202,1,,0.000431000000000,0.000432584000000,true
coarse,hybrid,10000,16,202,5,,0.000451000000000,0.000508916000000,true
coarse,hybrid,10000,2,202,3,,0.000428000000000,0.000439041000000,true
coarse,hybrid,10000,2048,202,5,,0.000685000000000,0.000686791000000,true
coarse,hybrid,10000,32,202,1,,0.000309000000000,0.000309958000000,true
coarse,hybrid,10000,96,202,4,,0.000247000000000,0.000247792000000,true
coarse,hybrid,10000,48,202,5,,0.000249000000000,0.000249959000000,true
coarse,hybrid,10000,2048,202,1,,0.000673000000000,0.000674042000000,true
coarse,hybrid,10000,16,202,4,,0.000323000000000,0.000323625000000,true
coarse,hybrid,10000,48,202,2,,0.000247000000000,0.000249208000000,true
coarse,hybrid,10000,256,202,1,,0.000282000000000,0.000307750000000,true
coarse,hybrid,10000,256,202,3,,0.000231000000000,0.000231125000000,true
coarse,hybrid,10000,32,202,5,,0.000271000000000,0.000271917000000,true
coarse,hybrid,10000,64,202,2,,0.000224000000000,0.000225334000000,true
coarse,hybrid,10000,2048,202,2,,0.000662000000000,0.000663416000000,true
coarse,hybrid,10000,768,202,3,,0.000405000000000,0.000405084000000,true
coarse,hybrid,10000,384,202,1,,0.000284000000000,0.000285375000000,true
coarse,hybrid,10000,1024,202,1,,0.000394000000000,0.000395000000000,true
coarse,hybrid,10000,128,202,2,,0.000362000000000,0.000390583000000,true
coarse,hybrid,10000,384,202,3,,0.000363000000000,0.000364167000000,true
coarse,hybrid,10000,4,202,2,,0.000506000000000,0.000508375000000,true
coarse,hybrid,10000,2,202,5,,0.000497000000000,0.000498833000000,true
coarse,hybrid,10000,4,202,5,,0.000434000000000,0.000434583000000,true
coarse,hybrid,10000,2,202,2,,0.000446000000000,0.000447791000000,true
coarse,hybrid,10000,96,202,2,,0.000310000000000,0.000311041000000,true
coarse,hybrid,10000,512,202,1,,0.000332000000000,0.000333166000000,true
coarse,hybrid,10000,24,202,1,,0.000326000000000,0.000326917000000,true
coarse,hybrid,10000,512,202,3,,0.000309000000000,0.000311125000000,true
coarse,hybrid,10000,512,202,5,,0.000296000000000,0.000297917000000,true
coarse,hybrid,10000,1,202,3,,0.000447000000000,0.000447166000000,true
coarse,hybrid,10000,64,202,4,,0.000266000000000,0.000267667000000,true
coarse,hybrid,10000,192,202,3,,0.000240000000000,0.000240416000000,true
coarse,hybrid,10000,8,202,5,,0.000353000000000,0.000353375000000,true
coarse,hybrid,10000,128,202,3,,0.000350000000000,0.000379166000000,true
coarse,hybrid,10000,1536,202,3,,0.000716000000000,0.000726500000000,true
coarse,hybrid,10000,512,202,2,,0.000340000000000,0.000341167000000,true
coarse,hybrid,10000,8,202,3,,0.000404000000000,0.000404916000000,true
coarse,hybrid,10000,4,202,3,,0.000410000000000,0.000411709000000,true
coarse,hybrid,10000,1536,202,1,,0.000708000000000,0.000708459000000,true
coarse,hybrid,10000,4,202,4,,0.000407000000000,0.000407875000000,true
coarse,hybrid,10000,24,202,3,,0.000317000000000,0.000318375000000,true
coarse,hybrid,10000,16,202,3,,0.000362000000000,0.000365542000000,true
coarse,hybrid,10000,1,202,2,,0.000467000000000,0.000468292000000,true
coarse,hybrid,10000,256,202,2,,0.000264000000000,0.000264542000000,true
coarse,hybrid,10000,96,202,3,,0.000250000000000,0.000251458000000,true
coarse,hybrid,10000,192,202,2,,0.000241000000000,0.000241417000000,true
coarse,hybrid,10000,1536,202,4,,0.000818000000000,0.000833666000000,true
coarse,hybrid,10000,32,202,3,,0.000390000000000,0.000392000000000,true
coarse,hybrid,10000,2,202,1,,0.000473000000000,0.000474166000000,true
coarse,hybrid,10000,16,202,1,,0.000362000000000,0.000363458000000,true
coarse,hybrid,10000,192,202,5,,0.000301000000000,0.000308834000000,true
coarse,hybrid,10000,96,202,1,,0.000283000000000,0.000286125000000,true
coarse,hybrid,10000,384,202,4,,0.000323000000000,0.000323125000000,true
coarse,hybrid,10000,512,202,4,,0.000309000000000,0.000311000000000,true
coarse,hybrid,10000,128,202,1,,0.000247000000000,0.000246750000000,true
coarse,hybrid,10000,768,202,2,,0.000475000000000,0.000491500000000,true
coarse,hybrid,10000,2048,202,3,,0.000701000000000,0.000701667000000,true
coarse,hybrid,10000,48,202,4,,0.000326000000000,0.000333250000000,true
coarse,hybrid,10000,384,202,5,,0.000351000000000,0.000352917000000,true
coarse,hybrid,10000,1536,202,2,,0.000690000000000,0.000692375000000,true
coarse,hybrid,10000,64,202,1,,0.000286000000000,0.000287875000000,true
coarse,hybrid,10000,8,202,2,,0.000389000000000,0.000390208000000,true
coarse,hybrid,10000,8,202,1,,0.000365000000000,0.000366625000000,true
coarse,hybrid,10000,64,202,3,,0.000298000000000,0.000298416000000,true
coarse,hybrid,10000,32,202,2,,0.000341000000000,0.000343542000000,true
coarse,hybrid,10000,48,202,3,,0.000296000000000,0.000297167000000,true
coarse,hybrid,10000,8,202,4,,0.000379000000000,0.000379167000000,true
coarse,hybrid,10000,768,202,4,,0.000431000000000,0.000432667000000,true
coarse,hybrid,10000,1,202,1,,0.000457000000000,0.000457875000000,true
coarse,hybrid,10000,2,202,4,,0.000413000000000,0.000414542000000,true
coarse,hybrid,10000,16,202,2,,0.000332000000000,0.000331375000000,true
coarse,hybrid,10000,24,202,4,,0.000296000000000,0.000296333000000,true
coarse,hybrid,10000,1536,202,5,,0.000743000000000,0.000809417000000,true
coarse,hybrid,10000,768,202,5,,0.000432000000000,0.000431875000000,true
coarse,hybrid,10000,96,202,5,,0.000271000000000,0.000272875000000,true
coarse,hybrid,10000,1,202,4,,0.000464000000000,0.000464791000000,true
coarse,hybrid,10000,256,202,4,,0.000268000000000,0.000269084000000,true
coarse,hybrid,10000,128,202,5,,0.000236000000000,0.000237208000000,true
coarse,hybrid,10000,192,202,4,,0.000241000000000,0.000241834000000,true
coarse,hybrid,10000,32,202,4,,0.000286000000000,0.000286000000000,true
coarse,hybrid,10000,192,202,1,,0.000228000000000,0.000228833000000,true
coarse,hybrid,10000,2048,202,4,,0.000670000000000,0.000669959000000,true
coarse,hybrid,10000,24,202,5,,0.000275000000000,0.000275542000000,true
coarse,hybrid,10000000,256,505,0,548422198,,,true
coarse,hybrid,10000000,1024,505,0,1672922455,,,true
coarse,hybrid,10000000,16,505,0,226408598,,,true
coarse,hybrid,10000000,192,505,0,548422198,,,true
coarse,hybrid,10000000,768,505,0,1672922455,,,true
coarse,hybrid,10000000,128,505,0,367276107,,,true
coarse,hybrid,10000000,32,505,0,242308363,,,true
coarse,hybrid,10000000,1536,505,0,3189275257,,,true
coarse,hybrid,10000000,48,505,0,281221895,,,true
coarse,hybrid,10000000,4,505,0,220218733,,,true
coarse,hybrid,10000000,24,505,0,242308363,,,true
coarse,hybrid,10000000,2,505,0,220098911,,,true
coarse,hybrid,10000000,1,505,0,220098911,,,true
coarse,hybrid,10000000,8,505,0,221106273,,,true
coarse,hybrid,10000000,512,505,0,920150474,,,true
coarse,hybrid,10000000,384,505,0,920150474,,,true
coarse,hybrid,10000000,96,505,0,367276107,,,true
coarse,hybrid,10000000,64,505,0,281221895,,,true
coarse,hybrid,10000000,2048,505,0,3189275257,,,true
coarse,hybrid,10000000,128,505,2,,0.696389000000,0.699659583000,true
coarse,hybrid,10000000,4,505,5,,0.830235000000,0.833803875000,true
coarse,hybrid,10000000,192,505,1,,0.692571000000,0.694446333000,true
coarse,hybrid,10000000,16,505,4,,0.764860000000,0.766942708000,true
coarse,hybrid,10000000,1024,505,5,,0.831433000000,0.833996250000,true
coarse,hybrid,10000000,1536,505,1,,2.06298000000,2.07156329200,true
coarse,hybrid,10000000,1024,505,1,,0.832895000000,0.836101042000,true
coarse,hybrid,10000000,384,505,4,,1.02691900000,1.02968445800,true
coarse,hybrid,10000000,1,505,2,,0.852612000000,0.856326750000,true
coarse,hybrid,10000000,128,505,4,,0.805914000000,0.808978542000,true
coarse,hybrid,10000000,8,505,2,,0.832283000000,0.834965917000,true
coarse,hybrid,10000000,2048,505,4,,2.05084600000,2.05730595900,true
coarse,hybrid,10000000,1024,505,4,,0.831241000000,0.834822666000,true
coarse,hybrid,10000000,384,505,1,,1.03421100000,1.03802079200,true
coarse,hybrid,10000000,128,505,1,,0.804189000000,0.806668042000,true
coarse,hybrid,10000000,1,505,4,,0.853876000000,0.856622333000,true
coarse,hybrid,10000000,24,505,2,,0.801762000000,0.805283041000,true
coarse,hybrid,10000000,192,505,5,,0.691478000000,0.693734917000,true
coarse,hybrid,10000000,96,505,3,,0.805887000000,0.808834083000,true
coarse,hybrid,10000000,16,505,3,,0.766890000000,0.770261584000,true
coarse,hybrid,10000000,4,505,2,,0.821959000000,0.824050875000,true
coarse,hybrid,10000000,32,505,3,,0.797173000000,0.799813666000,true
coarse,hybrid,10000000,512,505,2,,1.03109700000,1.03467300000,true
coarse,hybrid,10000000,768,505,2,,0.828786000000,0.831095417000,true
coarse,hybrid,10000000,2048,505,1,,2.05117700000,2.05743425000,true
coarse,hybrid,10000000,1,505,5,,0.854493000000,0.858232500000,true
coarse,hybrid,10000000,2,505,1,,0.837496000000,0.840174042000,true
coarse,hybrid,10000000,1,505,3,,0.852019000000,0.854918375000,true
coarse,hybrid,10000000,4,505,3,,0.823542000000,0.825934500000,true
coarse,hybrid,10000000,768,505,1,,0.849734000000,0.859632500000,true
coarse,hybrid,10000000,24,505,5,,0.799009000000,0.802104625000,true
coarse,hybrid,10000000,32,505,2,,0.790389000000,0.792152667000,true
coarse,hybrid,10000000,16,505,2,,0.775686000000,0.778801125000,true
coarse,hybrid,10000000,64,505,1,,0.716253000000,0.718734416000,true
coarse,hybrid,10000000,1536,505,5,,2.05585800000,2.06369779200,true
coarse,hybrid,10000000,8,505,4,,0.824426000000,0.826252500000,true
coarse,hybrid,10000000,2,505,5,,0.840401000000,0.843130666000,true
coarse,hybrid,10000000,16,505,1,,0.769760000000,0.772570250000,true
coarse,hybrid,10000000,96,505,2,,0.804383000000,0.807653666000,true
coarse,hybrid,10000000,1,505,1,,0.847541000000,0.849915875000,true
coarse,hybrid,10000000,384,505,5,,1.02883700000,1.03182045900,true
coarse,hybrid,10000000,1536,505,3,,2.05761200000,2.06555466600,true
coarse,hybrid,10000000,384,505,2,,1.02201200000,1.02444308300,true
coarse,hybrid,10000000,2048,505,5,,2.04805400000,2.05370833300,true
coarse,hybrid,10000000,24,505,1,,0.795286000000,0.798184458000,true
coarse,hybrid,10000000,2048,505,3,,2.05068400000,2.05696354200,true
coarse,hybrid,10000000,64,505,5,,0.714122000000,0.716311542000,true
coarse,hybrid,10000000,24,505,4,,0.799066000000,0.802522958000,true
coarse,hybrid,10000000,2,505,3,,0.841951000000,0.849041792000,true
coarse,hybrid,10000000,48,505,1,,0.720275000000,0.724796167000,true
coarse,hybrid,10000000,4,505,1,,0.824983000000,0.827283209000,true
coarse,hybrid,10000000,32,505,4,,0.797909000000,0.799989083000,true
coarse,hybrid,10000000,48,505,5,,0.719662000000,0.723552000000,true
coarse,hybrid,10000000,16,505,5,,0.774010000000,0.777745625000,true
coarse,hybrid,10000000,256,505,2,,0.694303000000,0.696558209000,true
coarse,hybrid,10000000,128,505,3,,0.800136000000,0.802077333000,true
coarse,hybrid,10000000,4,505,4,,0.828899000000,0.832043875000,true
coarse,hybrid,10000000,768,505,5,,0.829801000000,0.833453792000,true
coarse,hybrid,10000000,96,505,1,,0.808599000000,0.811970916000,true
coarse,hybrid,10000000,8,505,1,,0.831118000000,0.833532125000,true
coarse,hybrid,10000000,32,505,5,,0.802060000000,0.805363000000,true
coarse,hybrid,10000000,64,505,4,,0.707307000000,0.708953792000,true
coarse,hybrid,10000000,32,505,1,,0.797872000000,0.801145584000,true
coarse,hybrid,10000000,8,505,3,,0.832157000000,0.835267708000,true
coarse,hybrid,10000000,256,505,5,,0.694719000000,0.697236166000,true
coarse,hybrid,10000000,1024,505,3,,0.827608000000,0.830018375000,true
coarse,hybrid,10000000,256,505,3,,0.691693000000,0.693830417000,true
coarse,hybrid,10000000,1536,505,4,,2.06395600000,2.07323770800,true
coarse,hybrid,10000000,24,505,3,,0.796275000000,0.798907000000,true
coarse,hybrid,10000000,48,505,2,,0.710618000000,0.712386000000,true
coarse,hybrid,10000000,192,505,2,,0.695531000000,0.698036958000,true
coarse,hybrid,10000000,384,505,3,,1.02933700000,1.03373437500,true
coarse,hybrid,10000000,1536,505,2,,2.05964300000,2.06659354200,true
coarse,hybrid,10000000,1024,505,2,,0.832009000000,0.835513125000,true
coarse,hybrid,10000000,192,505,4,,0.691381000000,0.694171542000,true
coarse,hybrid,10000000,96,505,4,,0.803463000000,0.806355583000,true
coarse,hybrid,10000000,512,505,4,,1.03409100000,1.03804566700,true
coarse,hybrid,10000000,8,505,5,,0.829142000000,0.831419375000,true
coarse,hybrid,10000000,512,505,5,,1.02900500000,1.03282016700,true
coarse,hybrid,10000000,96,505,5,,0.803297000000,0.805983209000,true
coarse,hybrid,10000000,256,505,4,,0.689144000000,0.690871000000,true
coarse,hybrid,10000000,128,505,5,,0.799588000000,0.801642083000,true
coarse,hybrid,10000000,2,505,4,,0.833673000000,0.835938750000,true
coarse,hybrid,10000000,48,505,4,,0.714833000000,0.717928458000,true
coarse,hybrid,10000000,768,505,3,,0.828093000000,0.831107042000,true
coarse,hybrid,10000000,256,505,1,,0.690012000000,0.691974916000,true
coarse,hybrid,10000000,64,505,3,,0.716630000000,0.719164416000,true
coarse,hybrid,10000000,2,505,2,,0.836429000000,0.839343625000,true
coarse,hybrid,10000000,512,505,3,,1.03216300000,1.03686645900,true
coarse,hybrid,10000000,768,505,4,,0.826398000000,0.829076208000,true
coarse,hybrid,10000000,512,505,1,,1.03187900000,1.03543616700,true
coarse,hybrid,10000000,192,505,3,,0.693531000000,0.695560459000,true
coarse,hybrid,10000000,48,505,3,,0.714649000000,0.717525875000,true
coarse,hybrid,10000000,64,505,2,,0.712007000000,0.715104084000,true
coarse,hybrid,10000000,2048,505,2,,2.05975800000,2.06696183300,true
coarse,hybrid,1000000,32,505,0,23189085,,,true
coarse,hybrid,1000000,4,505,0,18727490,,,true
coarse,hybrid,1000000,384,505,0,73768971,,,true
coarse,hybrid,1000000,1024,505,0,254753669,,,true
coarse,hybrid,1000000,1536,505,0,254753669,,,true
coarse,hybrid,1000000,64,505,0,29887174,,,true
coarse,hybrid,1000000,192,505,0,44204881,,,true
coarse,hybrid,1000000,2,505,0,18674224,,,true
coarse,hybrid,1000000,2048,505,0,498381779,,,true
coarse,hybrid,1000000,512,505,0,133821813,,,true
coarse,hybrid,1000000,24,505,0,20222082,,,true
coarse,hybrid,1000000,128,505,0,44204881,,,true
coarse,hybrid,1000000,1,505,0,18674224,,,true
coarse,hybrid,1000000,8,505,0,19073395,,,true
coarse,hybrid,1000000,16,505,0,20222082,,,true
coarse,hybrid,1000000,256,505,0,73768971,,,true
coarse,hybrid,1000000,48,505,0,23189085,,,true
coarse,hybrid,1000000,768,505,0,133821813,,,true
coarse,hybrid,1000000,96,505,0,29887174,,,true
coarse,hybrid,1000000,64,505,5,,0.0594200000000,0.0596321660000,true
coarse,hybrid,1000000,128,505,4,,0.0590220000000,0.0592201670000,true
coarse,hybrid,1000000,1024,505,5,,0.0895670000000,0.0898831670000,true
coarse,hybrid,1000000,96,505,3,,0.0593060000000,0.0595376660000,true
coarse,hybrid,1000000,256,505,4,,0.0608870000000,0.0611332500000,true
coarse,hybrid,1000000,384,505,5,,0.0609570000000,0.0612125830000,true
coarse,hybrid,1000000,256,505,3,,0.0599340000000,0.0600667500000,true
coarse,hybrid,1000000,192,505,4,,0.0590210000000,0.0592717910000,true
coarse,hybrid,1000000,1,505,2,,0.0750030000000,0.0752756660000,true
coarse,hybrid,1000000,1024,505,3,,0.0897930000000,0.0901332920000,true
coarse,hybrid,1000000,2,505,5,,0.0740170000000,0.0744214580000,true
coarse,hybrid,1000000,32,505,4,,0.0624360000000,0.0626830000000,true
coarse,hybrid,1000000,512,505,3,,0.0698330000000,0.0701807080000,true
coarse,hybrid,1000000,1024,505,1,,0.0880660000000,0.0882064590000,true
coarse,hybrid,1000000,1536,505,5,,0.0882070000000,0.0883691250000,true
coarse,hybrid,1000000,16,505,5,,0.0630870000000,0.0631779160000,true
coarse,hybrid,1000000,2048,505,3,,0.132843000000,0.133059166000,true
coarse,hybrid,1000000,128,505,5,,0.0588050000000,0.0590737500000,true
coarse,hybrid,1000000,64,505,4,,0.0584940000000,0.0586328330000,true
coarse,hybrid,1000000,1,505,5,,0.0750250000000,0.0753069590000,true
coarse,hybrid,1000000,16,505,1,,0.0643920000000,0.0646072500000,true
coarse,hybrid,1000000,256,505,5,,0.0601470000000,0.0603112920000,true
coarse,hybrid,1000000,2,505,1,,0.0739100000000,0.0741589160000,true
coarse,hybrid,1000000,128,505,1,,0.0590270000000,0.0592186250000,true
coarse,hybrid,1000000,4,505,5,,0.0699820000000,0.0702204170000,true
coarse,hybrid,1000000,24,505,3,,0.0632930000000,0.0633923330000,true
coarse,hybrid,1000000,48,505,3,,0.0612430000000,0.0613375420000,true
coarse,hybrid,1000000,96,505,5,,0.0589320000000,0.0591338330000,true
coarse,hybrid,1000000,64,505,3,,0.0591830000000,0.0593784580000,true
coarse,hybrid,1000000,192,505,1,,0.0582150000000,0.0583804160000,true
coarse,hybrid,1000000,1024,505,2,,0.0892080000000,0.0897466250000,true
coarse,hybrid,1000000,4,505,3,,0.0707130000000,0.0711009170000,true
coarse,hybrid,1000000,1,505,3,,0.0748560000000,0.0753055830000,true
coarse,hybrid,1000000,96,505,2,,0.0595580000000,0.0599841670000,true
coarse,hybrid,1000000,256,505,1,,0.0609200000000,0.0613232090000,true
coarse,hybrid,1000000,4,505,4,,0.0706410000000,0.0710630410000,true
coarse,hybrid,1000000,24,505,1,,0.0642930000000,0.0646412500000,true
coarse,hybrid,1000000,1,505,1,,0.0751520000000,0.0755625830000,true
coarse,hybrid,1000000,24,505,5,,0.0647460000000,0.0651110830000,true
coarse,hybrid,1000000,48,505,4,,0.0617930000000,0.0620889170000,true
coarse,hybrid,1000000,1024,505,4,,0.0882450000000,0.0886209580000,true
coarse,hybrid,1000000,16,505,2,,0.0630930000000,0.0632556670000,true
coarse,hybrid,1000000,2048,505,1,,0.133051000000,0.133417125000,true
coarse,hybrid,1000000,2048,505,5,,0.133599000000,0.133981416000,true
coarse,hybrid,1000000,2048,505,4,,0.134924000000,0.135382917000,true
coarse,hybrid,1000000,384,505,3,,0.0611330000000,0.0616212500000,true
coarse,hybrid,1000000,128,505,2,,0.0589100000000,0.0591141670000,true
coarse,hybrid,1000000,16,505,4,,0.0641940000000,0.0644010410000,true
coarse,hybrid,1000000,4,505,2,,0.0694140000000,0.0696028750000,true
coarse,hybrid,1000000,768,505,1,,0.0697060000000,0.0699679580000,true
coarse,hybrid,1000000,768,505,4,,0.0697170000000,0.0700317090000,true
coarse,hybrid,1000000,48,505,2,,0.0648650000000,0.0660665830000,true
coarse,hybrid,1000000,192,505,3,,0.0609860000000,0.0624826250000,true
coarse,hybrid,1000000,1,505,4,,0.0755140000000,0.0760973750000,true
coarse,hybrid,1000000,32,505,2,,0.0618380000000,0.0622108330000,true
coarse,hybrid,1000000,384,505,4,,0.0598500000000,0.0600002910000,true
coarse,hybrid,1000000,8,505,4,,0.0678490000000,0.0680236250000,true
coarse,hybrid,1000000,96,505,1,,0.0586920000000,0.0588529170000,true
coarse,hybrid,1000000,768,505,3,,0.0690730000000,0.0694041670000,true
coarse,hybrid,1000000,192,505,5,,0.0580290000000,0.0581332500000,true
coarse,hybrid,1000000,2,505,4,,0.0739580000000,0.0742336250000,true
coarse,hybrid,1000000,8,505,1,,0.0689790000000,0.0692641250000,true
coarse,hybrid,1000000,64,505,1,,0.0592780000000,0.0594774160000,true
coarse,hybrid,1000000,24,505,4,,0.0644820000000,0.0648048340000,true
coarse,hybrid,1000000,8,505,5,,0.0687100000000,0.0690327920000,true
coarse,hybrid,1000000,2,505,2,,0.0731350000000,0.0733765000000,true
coarse,hybrid,1000000,768,505,5,,0.0690410000000,0.0691910830000,true
coarse,hybrid,1000000,4,505,1,,0.0694140000000,0.0695082910000,true
coarse,hybrid,1000000,16,505,3,,0.0633190000000,0.0634344170000,true
coarse,hybrid,1000000,32,505,1,,0.0611900000000,0.0613138330000,true
coarse,hybrid,1000000,512,505,1,,0.0690730000000,0.0692225830000,true
coarse,hybrid,1000000,2048,505,2,,0.133219000000,0.133482917000,true
coarse,hybrid,1000000,2,505,3,,0.0738400000000,0.0741156670000,true
coarse,hybrid,1000000,8,505,2,,0.0686260000000,0.0689029160000,true
coarse,hybrid,1000000,512,505,2,,0.0698370000000,0.0702097500000,true
coarse,hybrid,1000000,128,505,3,,0.0589450000000,0.0591118750000,true
coarse,hybrid,1000000,1536,505,3,,0.0894040000000,0.0897269170000,true
coarse,hybrid,1000000,48,505,5,,0.0616410000000,0.0618015420000,true
coarse,hybrid,1000000,64,505,2,,0.0587710000000,0.0589734160000,true
coarse,hybrid,1000000,96,505,4,,0.0591400000000,0.0594371670000,true
coarse,hybrid,1000000,768,505,2,,0.0696120000000,0.0698108340000,true
coarse,hybrid,1000000,512,505,5,,0.0699020000000,0.0702098340000,true
coarse,hybrid,1000000,512,505,4,,0.0691670000000,0.0694184580000,true
coarse,hybrid,1000000,384,505,2,,0.0594750000000,0.0595750000000,true
coarse,hybrid,1000000,1536,505,1,,0.0882400000000,0.0884263750000,true
coarse,hybrid,1000000,1536,505,4,,0.0883260000000,0.0886381250000,true
coarse,hybrid,1000000,8,505,3,,0.0680980000000,0.0683365420000,true
coarse,hybrid,1000000,192,505,2,,0.0594590000000,0.0598555410000,true
coarse,hybrid,1000000,1536,505,2,,0.0892380000000,0.0896574170000,true
coarse,hybrid,1000000,24,505,2,,0.0647600000000,0.0651492910000,true
coarse,hybrid,1000000,48,505,1,,0.0624600000000,0.0628732080000,true
coarse,hybrid,1000000,32,505,5,,0.0626080000000,0.0629778330000,true
coarse,hybrid,1000000,256,505,2,,0.0608050000000,0.0611608750000,true
coarse,hybrid,1000000,384,505,1,,0.0606780000000,0.0610662500000,true
coarse,hybrid,1000000,32,505,3,,0.0622470000000,0.0625558330000,true
coarse,hybrid,100000,96,101,0,2384240,,,true
coarse,hybrid,100000,128,101,0,3519003,,,true
coarse,hybrid,100000,32,101,0,1863365,,,true
coarse,hybrid,100000,192,101,0,3519003,,,true
coarse,hybrid,100000,1536,101,0,20291727,,,true
coarse,hybrid,100000,8,101,0,1557736,,,true
coarse,hybrid,100000,512,101,0,10596922,,,true
coarse,hybrid,100000,1024,101,0,20291727,,,true
coarse,hybrid,100000,64,101,0,2384240,,,true
coarse,hybrid,100000,16,101,0,1639642,,,true
coarse,hybrid,100000,256,101,0,5860117,,,true
coarse,hybrid,100000,48,101,0,1949962,,,true
coarse,hybrid,100000,768,101,0,10596922,,,true
coarse,hybrid,100000,2,101,0,1536583,,,true
coarse,hybrid,100000,2048,101,0,39835916,,,true
coarse,hybrid,100000,4,101,0,1536899,,,true
coarse,hybrid,100000,24,101,0,1765863,,,true
coarse,hybrid,100000,1,101,0,1536583,,,true
coarse,hybrid,100000,384,101,0,5860117,,,true
coarse,hybrid,100000,96,101,3,,0.00863000000000,0.00879379200000,true
coarse,hybrid,100000,384,101,1,,0.00454800000000,0.00460175000000,true
coarse,hybrid,100000,1536,101,3,,0.00680800000000,0.00690350000000,true
coarse,hybrid,100000,1,101,5,,0.0104330000000,0.0105277500000,true
coarse,hybrid,100000,64,101,2,,0.00464000000000,0.00469525000000,true
coarse,hybrid,100000,8,101,2,,0.00620900000000,0.00624462500000,true
coarse,hybrid,100000,128,101,5,,0.00448100000000,0.00453462500000,true
coarse,hybrid,100000,32,101,2,,0.00533200000000,0.00538495900000,true
coarse,hybrid,100000,4,101,3,,0.00610600000000,0.00612500000000,true
coarse,hybrid,100000,96,101,2,,0.00528900000000,0.00529125000000,true
coarse,hybrid,100000,96,101,4,,0.00533100000000,0.00533937500000,true
coarse,hybrid,100000,32,101,1,,0.00491100000000,0.00492029200000,true
coarse,hybrid,100000,1536,101,2,,0.00828000000000,0.00830158300000,true
coarse,hybrid,100000,8,101,4,,0.00553200000000,0.00554404200000,true
coarse,hybrid,100000,2,101,2,,0.00605100000000,0.00607808300000,true
coarse,hybrid,100000,256,101,2,,0.00554000000000,0.00558195800000,true
coarse,hybrid,100000,2048,101,2,,0.0104300000000,0.0104597090000,true
coarse,hybrid,100000,96,101,5,,0.00543000000000,0.00551045800000,true
coarse,hybrid,100000,1024,101,2,,0.00842200000000,0.00847758300000,true
coarse,hybrid,100000,256,101,1,,0.00550100000000,0.00551766700000,true
coarse,hybrid,100000,512,101,3,,0.00527600000000,0.00529354200000,true
coarse,hybrid,100000,768,101,2,,0.00523400000000,0.00524545800000,true
coarse,hybrid,100000,2048,101,5,,0.0103620000000,0.0103726250000,true
coarse,hybrid,100000,64,101,1,,0.00528800000000,0.00529316600000,true
coarse,hybrid,100000,384,101,2,,0.00541300000000,0.00542245800000,true
coarse,hybrid,100000,4,101,2,,0.00610200000000,0.00611933400000,true
coarse,hybrid,100000,4,101,5,,0.00603500000000,0.00605429200000,true
coarse,hybrid,100000,32,101,5,,0.00489600000000,0.00489925000000,true
coarse,hybrid,100000,768,101,1,,0.00532000000000,0.00537279200000,true
coarse,hybrid,100000,2,101,5,,0.00610800000000,0.00612633300000,true
coarse,hybrid,100000,48,101,2,,0.00502000000000,0.00502191700000,true
coarse,hybrid,100000,2,101,1,,0.00609300000000,0.00611420800000,true
coarse,hybrid,100000,24,101,4,,0.00542300000000,0.00546337500000,true
coarse,hybrid,100000,256,101,5,,0.00543500000000,0.00545150000000,true
coarse,hybrid,100000,2048,101,1,,0.0103630000000,0.0103757500000,true
coarse,hybrid,100000,64,101,3,,0.00522100000000,0.00522258300000,true
coarse,hybrid,100000,16,101,5,,0.00575300000000,0.00577050000000,true
coarse,hybrid,100000,2048,101,3,,0.0102780000000,0.0102941670000,true
coarse,hybrid,100000,1,101,2,,0.00621400000000,0.00624416700000,true
coarse,hybrid,100000,1024,101,5,,0.00826300000000,0.00828141600000,true
coarse,hybrid,100000,512,101,1,,0.00531300000000,0.00531604200000,true
coarse,hybrid,100000,192,101,4,,0.00453700000000,0.00453825000000,true
coarse,hybrid,100000,96,101,1,,0.00536800000000,0.00537491700000,true
coarse,hybrid,100000,4,101,1,,0.00610800000000,0.00611275000000,true
coarse,hybrid,100000,1,101,1,,0.00614900000000,0.00615495900000,true
coarse,hybrid,100000,1536,101,1,,0.00830800000000,0.00831887500000,true
coarse,hybrid,100000,128,101,1,,0.00456800000000,0.00457000000000,true
coarse,hybrid,100000,768,101,4,,0.00530500000000,0.00531329100000,true
coarse,hybrid,100000,8,101,1,,0.00556600000000,0.00556783400000,true
coarse,hybrid,100000,48,101,4,,0.00499500000000,0.00500370900000,true
coarse,hybrid,100000,1536,101,4,,0.00829900000000,0.00830520800000,true
coarse,hybrid,100000,4,101,4,,0.00612000000000,0.00613504100000,true
coarse,hybrid,100000,1024,101,4,,0.00834600000000,0.00836308400000,true
coarse,hybrid,100000,48,101,5,,0.00507000000000,0.00510100000000,true
coarse,hybrid,100000,256,101,4,,0.00548400000000,0.00549291700000,true
coarse,hybrid,100000,16,101,3,,0.00578400000000,0.00578908300000,true
coarse,hybrid,100000,24,101,2,,0.00524400000000,0.00525133300000,true
coarse,hybrid,100000,512,101,4,,0.00522500000000,0.00522629200000,true
coarse,hybrid,100000,384,101,3,,0.00551800000000,0.00555850000000,true
coarse,hybrid,100000,128,101,2,,0.00463600000000,0.00468054200000,true
coarse,hybrid,100000,32,101,4,,0.00494900000000,0.00495004100000,true
coarse,hybrid,100000,128,101,3,,0.00455600000000,0.00457375000000,true
coarse,hybrid,100000,1,101,4,,0.00623500000000,0.00625300000000,true
coarse,hybrid,100000,64,101,4,,0.00534100000000,0.00535920900000,true
coarse,hybrid,100000,192,101,3,,0.00455800000000,0.00457437500000,true
coarse,hybrid,100000,24,101,5,,0.00535100000000,0.00535395800000,true
coarse,hybrid,100000,192,101,1,,0.00466800000000,0.00468670800000,true
coarse,hybrid,100000,16,101,1,,0.00565600000000,0.00566145900000,true
coarse,hybrid,100000,512,101,5,,0.00523900000000,0.00524037500000,true
coarse,hybrid,100000,256,101,3,,0.00554400000000,0.00556279100000,true
coarse,hybrid,100000,1024,101,3,,0.00843800000000,0.00845508300000,true
coarse,hybrid,100000,128,101,4,,0.00468800000000,0.00470312500000,true
coarse,hybrid,100000,1024,101,1,,0.00847400000000,0.00849995900000,true
coarse,hybrid,100000,24,101,3,,0.00551000000000,0.00553837500000,true
coarse,hybrid,100000,768,101,5,,0.00536800000000,0.00539275000000,true
coarse,hybrid,100000,384,101,4,,0.00550900000000,0.00551695800000,true
coarse,hybrid,100000,2,101,4,,0.00624100000000,0.00625654200000,true
coarse,hybrid,100000,768,101,3,,0.00534400000000,0.00535887500000,true
coarse,hybrid,100000,64,101,5,,0.00540900000000,0.00543704200000,true
coarse,hybrid,100000,192,101,2,,0.00472100000000,0.00472608300000,true
coarse,hybrid,100000,32,101,3,,0.00502900000000,0.00504958300000,true
coarse,hybrid,100000,48,101,3,,0.00505700000000,0.00506716700000,true
coarse,hybrid,100000,384,101,5,,0.00562200000000,0.00567058400000,true
coarse,hybrid,100000,1,101,3,,0.00633600000000,0.00637466700000,true
coarse,hybrid,100000,16,101,4,,0.00573600000000,0.00575995800000,true
coarse,hybrid,100000,2048,101,4,,0.0105850000000,0.0106145420000,true
coarse,hybrid,100000,2,101,3,,0.00619100000000,0.00621825000000,true
coarse,hybrid,100000,8,101,5,,0.00567900000000,0.00569450000000,true
coarse,hybrid,100000,192,101,5,,0.00474100000000,0.00476708300000,true
coarse,hybrid,100000,16,101,2,,0.00579500000000,0.00581533300000,true
coarse,hybrid,100000,1536,101,5,,0.00837900000000,0.00840787500000,true
coarse,hybrid,100000,512,101,2,,0.00528800000000,0.00530229200000,true
coarse,hybrid,100000,48,101,1,,0.00512600000000,0.00514212500000,true
coarse,hybrid,100000,8,101,3,,0.00571500000000,0.00575583400000,true
coarse,hybrid,100000,24,101,1,,0.00542700000000,0.00545937500000,true
coarse,hybrid,10000,64,505,0,183477,,,true
coarse,hybrid,10000,128,505,0,273217,,,true
coarse,hybrid,10000,256,505,0,460393,,,true
coarse,hybrid,10000,768,505,0,1623079,,,true
coarse,hybrid,10000,2,505,0,120384,,,true
coarse,hybrid,10000,1536,505,0,3170117,,,true
coarse,hybrid,10000,384,505,0,841596,,,true
coarse,hybrid,10000,16,505,0,127049,,,true
coarse,hybrid,10000,1,505,0,120384,,,true
coarse,hybrid,10000,48,505,0,183477,,,true
coarse,hybrid,10000,2048,505,0,3170117,,,true
coarse,hybrid,10000,512,505,0,841596,,,true
coarse,hybrid,10000,96,505,0,273217,,,true
coarse,hybrid,10000,1024,505,0,1623079,,,true
coarse,hybrid,10000,24,505,0,143675,,,true
coarse,hybrid,10000,8,505,0,121476,,,true
coarse,hybrid,10000,32,505,0,143675,,,true
coarse,hybrid,10000,192,505,0,460393,,,true
coarse,hybrid,10000,4,505,0,120442,,,true
coarse,hybrid,10000,192,505,1,,0.00141900000000,0.00155583400000,true
coarse,hybrid,10000,256,505,1,,0.00134500000000,0.00136183400000,true
coarse,hybrid,10000,2,505,1,,0.000490000000000,0.000496125000000,true
coarse,hybrid,10000,384,505,2,,0.00198300000000,0.00201308300000,true
coarse,hybrid,10000,4,505,5,,0.000472000000000,0.000475125000000,true
coarse,hybrid,10000,2048,505,1,,0.00104100000000,0.00104204200000,true
coarse,hybrid,10000,64,505,4,,0.000752000000000,0.000799458000000,true
coarse,hybrid,10000,32,505,2,,0.000374000000000,0.000384583000000,true
coarse,hybrid,10000,32,505,1,,0.000351000000000,0.000352791000000,true
coarse,hybrid,10000,24,505,1,,0.000324000000000,0.000326042000000,true
coarse,hybrid,10000,1024,505,5,,0.000514000000000,0.000515375000000,true
coarse,hybrid,10000,2,505,3,,0.000443000000000,0.000444375000000,true
coarse,hybrid,10000,24,505,3,,0.000377000000000,0.000378958000000,true
coarse,hybrid,10000,24,505,5,,0.000340000000000,0.000343000000000,true
coarse,hybrid,10000,1024,505,1,,0.000509000000000,0.000520042000000,true
coarse,hybrid,10000,4,505,3,,0.000443000000000,0.000460583000000,true
coarse,hybrid,10000,256,505,5,,0.000294000000000,0.000295250000000,true
coarse,hybrid,10000,48,505,1,,0.000286000000000,0.000287292000000,true
coarse,hybrid,10000,16,505,1,,0.000363000000000,0.000368250000000,true
coarse,hybrid,10000,8,505,1,,0.000405000000000,0.000406750000000,true
coarse,hybrid,10000,8,505,5,,0.000359000000000,0.000360583000000,true
coarse,hybrid,10000,8,505,2,,0.000340000000000,0.000341292000000,true
coarse,hybrid,10000,2,505,5,,0.000466000000000,0.000479833000000,true
coarse,hybrid,10000,128,505,4,,0.000341000000000,0.000355125000000,true
coarse,hybrid,10000,16,505,3,,0.000387000000000,0.000389000000000,true
coarse,hybrid,10000,2048,505,5,,0.000786000000000,0.000787625000000,true
coarse,hybrid,10000,2,505,2,,0.000467000000000,0.000468333000000,true
coarse,hybrid,10000,48,505,4,,0.000311000000000,0.000312375000000,true
coarse,hybrid,10000,1024,505,2,,0.000517000000000,0.000518625000000,true
coarse,hybrid,10000,192,505,3,,0.000326000000000,0.000328750000000,true
coarse,hybrid,10000,96,505,2,,0.000287000000000,0.000288375000000,true
coarse,hybrid,10000,1024,505,4,,0.000476000000000,0.000477666000000,true
coarse,hybrid,10000,16,505,4,,0.000341000000000,0.000341792000000,true
coarse,hybrid,10000,96,505,3,,0.000295000000000,0.000309000000000,true
coarse,hybrid,10000,384,505,5,,0.000376000000000,0.000377750000000,true
coarse,hybrid,10000,32,505,3,,0.000390000000000,0.000401125000000,true
coarse,hybrid,10000,1,505,3,,0.000520000000000,0.000550333000000,true
coarse,hybrid,10000,32,505,4,,0.000336000000000,0.000337000000000,true
coarse,hybrid,10000,64,505,5,,0.000294000000000,0.000295792000000,true
coarse,hybrid,10000,1,505,1,,0.000444000000000,0.000445125000000,true
coarse,hybrid,10000,8,505,4,,0.000361000000000,0.000361750000000,true
coarse,hybrid,10000,512,505,4,,0.000344000000000,0.000351750000000,true
coarse,hybrid,10000,768,505,3,,0.000462000000000,0.000463958000000,true
coarse,hybrid,10000,1,505,2,,0.000404000000000,0.000405417000000,true
coarse,hybrid,10000,64,505,1,,0.000262000000000,0.000262667000000,true
coarse,hybrid,10000,24,505,2,,0.000393000000000,0.000412709000000,true
coarse,hybrid,10000,1,505,4,,0.000519000000000,0.000520084000000,true
coarse,hybrid,10000,192,505,4,,0.000321000000000,0.000322959000000,true
coarse,hybrid,10000,96,505,5,,0.000338000000000,0.000352750000000,true
coarse,hybrid,10000,384,505,1,,0.000381000000000,0.000391708000000,true
coarse,hybrid,10000,256,505,3,,0.000309000000000,0.000310167000000,true
coarse,hybrid,10000,768,505,2,,0.000484000000000,0.000484459000000,true
coarse,hybrid,10000,16,505,2,,0.000367000000000,0.000368333000000,true
coarse,hybrid,10000,128,505,5,,0.000280000000000,0.000282500000000,true
coarse,hybrid,10000,768,505,5,,0.000461000000000,0.000462209000000,true
coarse,hybrid,10000,128,505,1,,0.000238000000000,0.000237958000000,true
coarse,hybrid,10000,1536,505,3,,0.000770000000000,0.000774416000000,true
coarse,hybrid,10000,192,505,2,,0.000367000000000,0.000403875000000,true
coarse,hybrid,10000,512,505,3,,0.000312000000000,0.000312833000000,true
coarse,hybrid,10000,48,505,5,,0.000269000000000,0.000270084000000,true
coarse,hybrid,10000,512,505,1,,0.000442000000000,0.000478541000000,true
coarse,hybrid,10000,2048,505,4,,0.000787000000000,0.000791875000000,true
coarse,hybrid,10000,1536,505,2,,0.000801000000000,0.000822125000000,true
coarse,hybrid,10000,2048,505,3,,0.000813000000000,0.000822416000000,true
coarse,hybrid,10000,4,505,1,,0.000465000000000,0.000466875000000,true
coarse,hybrid,10000,384,505,3,,0.000366000000000,0.000366792000000,true
coarse,hybrid,10000,4,505,2,,0.000414000000000,0.000414292000000,true
coarse,hybrid,10000,8,505,3,,0.000386000000000,0.000388750000000,true
coarse,hybrid,10000,192,505,5,,0.000305000000000,0.000306333000000,true
coarse,hybrid,10000,1536,505,4,,0.000772000000000,0.000771792000000,true
coarse,hybrid,10000,64,505,3,,0.000303000000000,0.000302667000000,true
coarse,hybrid,10000,16,505,5,,0.000405000000000,0.000426750000000,true
coarse,hybrid,10000,512,505,5,,0.000389000000000,0.000409125000000,true
coarse,hybrid,10000,128,505,3,,0.000261000000000,0.000262542000000,true
coarse,hybrid,10000,48,505,3,,0.000259000000000,0.000259792000000,true
coarse,hybrid,10000,768,505,1,,0.000462000000000,0.000469709000000,true
coarse,hybrid,10000,768,505,4,,0.000507000000000,0.000511625000000,true
coarse,hybrid,10000,2048,505,2,,0.000794000000000,0.000795167000000,true
coarse,hybrid,10000,4,505,4,,0.000454000000000,0.000458500000000,true
coarse,hybrid,10000,96,505,4,,0.000305000000000,0.000306458000000,true
coarse,hybrid,10000,96,505,1,,0.000303000000000,0.000320375000000,true
coarse,hybrid,10000,384,505,4,,0.000361000000000,0.000373291000000,true
coarse,hybrid,10000,512,505,2,,0.000325000000000,0.000325583000000,true
coarse,hybrid,10000,1024,505,3,,0.000458000000000,0.000458250000000,true
coarse,hybrid,10000,1,505,5,,0.000467000000000,0.000468834000000,true
coarse,hybrid,10000,1536,505,1,,0.000759000000000,0.000759833000000,true
coarse,hybrid,10000,1536,505,5,,0.000749000000000,0.000749875000000,true
coarse,hybrid,10000,24,505,4,,0.000319000000000,0.000322375000000,true
coarse,hybrid,10000,256,505,4,,0.000281000000000,0.000298750000000,true
coarse,hybrid,10000,48,505,2,,0.000386000000000,0.000397042000000,true
coarse,hybrid,10000,2,505,4,,0.000519000000000,0.000520750000000,true
coarse,hybrid,10000,32,505,5,,0.000288000000000,0.000289750000000,true
coarse,hybrid,10000,256,505,2,,0.000252000000000,0.000254208000000,true
coarse,hybrid,10000,64,505,2,,0.000265000000000,0.000266083000000,true
coarse,hybrid,10000,128,505,2,,0.000230000000000,0.000231042000000,true
coarse,hybrid,1000000,2,303,0,18674668,,,true
coarse,hybrid,1000000,128,303,0,44191174,,,true
coarse,hybrid,1000000,32,303,0,23191162,,,true
coarse,hybrid,1000000,64,303,0,29898715,,,true
coarse,hybrid,1000000,96,303,0,29898715,,,true
coarse,hybrid,1000000,1,303,0,18674668,,,true
coarse,hybrid,1000000,768,303,0,133697076,,,true
coarse,hybrid,1000000,4,303,0,18728233,,,true
coarse,hybrid,1000000,192,303,0,44191174,,,true
coarse,hybrid,1000000,256,303,0,73692560,,,true
coarse,hybrid,1000000,2048,303,0,498043758,,,true
coarse,hybrid,1000000,1024,303,0,254829399,,,true
coarse,hybrid,1000000,8,303,0,19073754,,,true
coarse,hybrid,1000000,24,303,0,20226610,,,true
coarse,hybrid,1000000,512,303,0,133697076,,,true
coarse,hybrid,1000000,48,303,0,23191162,,,true
coarse,hybrid,1000000,1536,303,0,254829399,,,true
coarse,hybrid,1000000,384,303,0,73692560,,,true
coarse,hybrid,1000000,16,303,0,20226610,,,true
coarse,hybrid,1000000,1536,303,4,,0.221585000000,0.222369084000,true
coarse,hybrid,1000000,1024,303,2,,0.219411000000,0.219869166000,true
coarse,hybrid,1000000,256,303,2,,0.0965820000000,0.0968273330000,true
coarse,hybrid,1000000,32,303,1,,0.0707770000000,0.0708772920000,true
coarse,hybrid,1000000,2048,303,2,,0.282990000000,0.283937916000,true
coarse,hybrid,1000000,64,303,4,,0.0723690000000,0.0726210830000,true
coarse,hybrid,1000000,8,303,2,,0.0755950000000,0.0758597920000,true
coarse,hybrid,1000000,2,303,5,,0.0792460000000,0.0795071250000,true
coarse,hybrid,1000000,2,303,1,,0.0787150000000,0.0789384170000,true
coarse,hybrid,1000000,32,303,4,,0.0722790000000,0.0725741670000,true
coarse,hybrid,1000000,256,303,3,,0.0972760000000,0.0976055420000,true
coarse,hybrid,1000000,32,303,5,,0.0723180000000,0.0726219160000,true
coarse,hybrid,1000000,384,303,1,,0.0974580000000,0.0978281670000,true
coarse,hybrid,1000000,384,303,5,,0.0972070000000,0.0975507920000,true
coarse,hybrid,1000000,32,303,3,,0.0721820000000,0.0725260000000,true
coarse,hybrid,1000000,48,303,5,,0.0722520000000,0.0725391670000,true
coarse,hybrid,1000000,768,303,1,,0.112278000000,0.112932125000,true
coarse,hybrid,1000000,4,303,4,,0.0766690000000,0.0771592080000,true
coarse,hybrid,1000000,384,303,3,,0.0979180000000,0.0984885000000,true
coarse,hybrid,1000000,384,303,2,,0.0979710000000,0.0985457500000,true
coarse,hybrid,1000000,24,303,2,,0.0713020000000,0.0716800830000,true
coarse,hybrid,1000000,96,303,2,,0.0726340000000,0.0730502090000,true
coarse,hybrid,1000000,2,303,4,,0.0798610000000,0.0802718330000,true
coarse,hybrid,1000000,256,303,5,,0.0971460000000,0.0976709170000,true
coarse,hybrid,1000000,16,303,3,,0.0700030000000,0.0702060840000,true
coarse,hybrid,1000000,48,303,3,,0.0712250000000,0.0714253750000,true
coarse,hybrid,1000000,768,303,5,,0.109775000000,0.110070500000,true
coarse,hybrid,1000000,24,303,5,,0.0704090000000,0.0705965000000,true
coarse,hybrid,1000000,8,303,4,,0.0743500000000,0.0744973750000,true
coarse,hybrid,1000000,128,303,1,,0.0763200000000,0.0766420830000,true
coarse,hybrid,1000000,2,303,2,,0.0789030000000,0.0791283330000,true
coarse,hybrid,1000000,128,303,4,,0.0759420000000,0.0762290420000,true
coarse,hybrid,1000000,4,303,5,,0.0761240000000,0.0764159170000,true
coarse,hybrid,1000000,1536,303,3,,0.220522000000,0.221132875000,true
coarse,hybrid,1000000,768,303,2,,0.109863000000,0.110017667000,true
coarse,hybrid,1000000,512,303,5,,0.109921000000,0.110110791000,true
coarse,hybrid,1000000,96,303,5,,0.0714810000000,0.0716598750000,true
coarse,hybrid,1000000,48,303,4,,0.0722690000000,0.0725523330000,true
coarse,hybrid,1000000,4,303,3,,0.0761130000000,0.0764632920000,true
coarse,hybrid,1000000,1024,303,5,,0.222677000000,0.223594333000,true
coarse,hybrid,1000000,1536,303,2,,0.221438000000,0.222050958000,true
coarse,hybrid,1000000,16,303,4,,0.0699450000000,0.0700780000000,true
coarse,hybrid,1000000,24,303,3,,0.0695290000000,0.0696519170000,true
coarse,hybrid,1000000,1,303,4,,0.0802580000000,0.0804062920000,true
coarse,hybrid,1000000,192,303,1,,0.0748620000000,0.0750280000000,true
coarse,hybrid,1000000,768,303,3,,0.110886000000,0.111308334000,true
coarse,hybrid,1000000,192,303,5,,0.0758940000000,0.0761472500000,true
coarse,hybrid,1000000,8,303,5,,0.0760050000000,0.0762522080000,true
coarse,hybrid,1000000,2048,303,5,,0.282961000000,0.283979292000,true
coarse,hybrid,1000000,96,303,1,,0.0725300000000,0.0728342080000,true
coarse,hybrid,1000000,1,303,2,,0.0801610000000,0.0803282920000,true
coarse,hybrid,1000000,128,303,5,,0.0749390000000,0.0750569580000,true
coarse,hybrid,1000000,64,303,3,,0.0710710000000,0.0711729160000,true
coarse,hybrid,1000000,64,303,5,,0.0722390000000,0.0724855410000,true
coarse,hybrid,1000000,2048,303,4,,0.281044000000,0.281901417000,true
coarse,hybrid,1000000,1024,303,1,,0.223380000000,0.224584000000,true
coarse,hybrid,1000000,96,303,3,,0.0728390000000,0.0732605000000,true
coarse,hybrid,1000000,48,303,2,,0.0723780000000,0.0727431250000,true
coarse,hybrid,1000000,256,303,1,,0.0986140000000,0.0996492920000,true
coarse,hybrid,1000000,192,303,2,,0.0765140000000,0.0769279160000,true
coarse,hybrid,1000000,512,303,4,,0.112403000000,0.112976875000,true
coarse,hybrid,1000000,64,303,2,,0.0729780000000,0.0734192500000,true
coarse,hybrid,1000000,1,303,5,,0.0819320000000,0.0824008330000,true
coarse,hybrid,1000000,256,303,4,,0.0965380000000,0.0969432920000,true
coarse,hybrid,1000000,1536,303,5,,0.219244000000,0.219665042000,true
coarse,hybrid,1000000,512,303,2,,0.109607000000,0.109785667000,true
coarse,hybrid,1000000,192,303,4,,0.0752420000000,0.0753725840000,true
coarse,hybrid,1000000,1,303,1,,0.0816490000000,0.0819555830000,true
coarse,hybrid,1000000,2048,303,3,,0.281909000000,0.282825083000,true
coarse,hybrid,1000000,4,303,1,,0.0763020000000,0.0765474170000,true
coarse,hybrid,1000000,768,303,4,,0.111325000000,0.111691958000,true
coarse,hybrid,1000000,64,303,1,,0.0710600000000,0.0711533330000,true
coarse,hybrid,1000000,512,303,3,,0.109882000000,0.110124208000,true
coarse,hybrid,1000000,96,303,4,,0.0712400000000,0.0713000410000,true
coarse,hybrid,1000000,1536,303,1,,0.219578000000,0.219979167000,true
coarse,hybrid,1000000,32,303,2,,0.0721250000000,0.0724235000000,true
coarse,hybrid,1000000,16,303,5,,0.0712810000000,0.0716167080000,true
coarse,hybrid,1000000,1,303,3,,0.0814520000000,0.0817220420000,true
coarse,hybrid,1000000,1024,303,4,,0.220724000000,0.221218959000,true
coarse,hybrid,1000000,8,303,1,,0.0745450000000,0.0746747500000,true
coarse,hybrid,1000000,1024,303,3,,0.220245000000,0.220719500000,true
coarse,hybrid,1000000,16,303,2,,0.0710190000000,0.0712596670000,true
coarse,hybrid,1000000,4,303,2,,0.0754540000000,0.0756458750000,true
coarse,hybrid,1000000,24,303,4,,0.0711650000000,0.0714198750000,true
coarse,hybrid,1000000,128,303,3,,0.0762000000000,0.0764677910000,true
coarse,hybrid,1000000,192,303,3,,0.0763480000000,0.0766303750000,true
coarse,hybrid,1000000,16,303,1,,0.0708710000000,0.0711224580000,true
coarse,hybrid,1000000,8,303,3,,0.0765950000000,0.0768725830000,true
coarse,hybrid,1000000,512,303,1,,0.111159000000,0.111530000000,true
coarse,hybrid,1000000,2,303,3,,0.0792950000000,0.0796532920000,true
coarse,hybrid,1000000,384,303,4,,0.0960990000000,0.0963085410000,true
coarse,hybrid,1000000,128,303,2,,0.0751070000000,0.0752507920000,true
coarse,hybrid,1000000,2048,303,1,,0.279729000000,0.280645125000,true
coarse,hybrid,1000000,24,303,1,,0.0711640000000,0.0714568340000,true
coarse,hybrid,1000000,48,303,1,,0.0726210000000,0.0730411670000,true
refine,hybrid,10000000,305,303,0,854745791,,,true
refine,hybrid,10000000,192,303,0,548616065,,,true
refine,hybrid,10000000,306,303,0,920337379,,,true
refine,hybrid,10000000,192,303,1,,0.696841000000,0.699764667000,true
refine,hybrid,10000000,306,303,2,,0.696048000000,0.698561583000,true
refine,hybrid,10000000,192,303,2,,0.645868000000,0.647671000000,true
refine,hybrid,10000000,306,303,3,,0.698724000000,0.702651042000,true
refine,hybrid,10000000,305,303,4,,0.683866000000,0.685815917000,true
refine,hybrid,10000000,305,303,1,,0.685081000000,0.687227750000,true
refine,hybrid,10000000,305,303,2,,0.689867000000,0.692527959000,true
refine,hybrid,10000000,306,303,1,,0.695165000000,0.700196375000,true
refine,hybrid,10000000,305,303,5,,0.713149000000,0.720417125000,true
refine,hybrid,10000000,306,303,5,,0.695526000000,0.698970209000,true
refine,hybrid,10000000,192,303,3,,0.653282000000,0.655751625000,true
refine,hybrid,10000000,192,303,5,,0.651674000000,0.653937291000,true
refine,hybrid,10000000,192,303,4,,0.648843000000,0.650780875000,true
refine,hybrid,10000000,306,303,4,,0.690763000000,0.693078292000,true
refine,hybrid,10000000,305,303,3,,0.684977000000,0.688154959000,true
refine,hybrid,10000000,305,505,0,854495654,,,true
refine,hybrid,10000000,306,505,0,920150474,,,true
refine,hybrid,10000000,192,505,0,548422198,,,true
refine,hybrid,10000000,306,505,3,,0.701613000000,0.704372625000,true
refine,hybrid,10000000,306,505,1,,0.695321000000,0.697345959000,true
refine,hybrid,10000000,306,505,4,,0.692899000000,0.694711541000,true
refine,hybrid,10000000,192,505,3,,0.654852000000,0.657185417000,true
refine,hybrid,10000000,305,505,1,,0.690898000000,0.693524333000,true
refine,hybrid,10000000,192,505,1,,0.652567000000,0.654267834000,true
refine,hybrid,10000000,306,505,5,,0.701042000000,0.703630208000,true
refine,hybrid,10000000,305,505,2,,0.686920000000,0.688510125000,true
refine,hybrid,10000000,192,505,5,,0.659239000000,0.661700333000,true
refine,hybrid,10000000,305,505,3,,0.697043000000,0.700390083000,true
refine,hybrid,10000000,192,505,4,,0.661775000000,0.665130334000,true
refine,hybrid,10000000,192,505,2,,0.661387000000,0.664057500000,true
refine,hybrid,10000000,305,505,4,,0.694648000000,0.697208042000,true
refine,hybrid,10000000,305,505,5,,0.692270000000,0.694568042000,true
refine,hybrid,10000000,306,505,2,,0.694665000000,0.696780250000,true
refine,hybrid,10000000,305,101,0,854314259,,,true
refine,hybrid,10000000,192,101,0,548308598,,,true
refine,hybrid,10000000,306,101,0,920028084,,,true
refine,hybrid,10000000,306,101,5,,0.716288000000,0.719249208000,true
refine,hybrid,10000000,305,101,1,,0.686208000000,0.688859541000,true
refine,hybrid,10000000,306,101,3,,0.692173000000,0.693989542000,true
refine,hybrid,10000000,305,101,4,,0.688961000000,0.691050458000,true
refine,hybrid,10000000,192,101,5,,0.645768000000,0.647783958000,true
refine,hybrid,10000000,192,101,2,,0.654621000000,0.658227541000,true
refine,hybrid,10000000,305,101,2,,0.693170000000,0.696144625000,true
refine,hybrid,10000000,306,101,4,,0.703078000000,0.707689708000,true
refine,hybrid,10000000,192,101,4,,0.655265000000,0.658691708000,true
refine,hybrid,10000000,306,101,1,,0.702109000000,0.705924166000,true
refine,hybrid,10000000,305,101,5,,0.688872000000,0.691371208000,true
refine,hybrid,10000000,192,101,3,,0.656533000000,0.659953958000,true
refine,hybrid,10000000,305,101,3,,0.688343000000,0.690684334000,true
refine,hybrid,10000000,306,101,2,,0.694488000000,0.696424125000,true
refine,hybrid,10000000,192,101,1,,0.649509000000,0.651625959000,true
refine,hybrid,10000000,192,202,0,548436711,,,true
refine,hybrid,10000000,306,202,0,920356372,,,true
refine,hybrid,10000000,305,202,0,854572979,,,true
refine,hybrid,10000000,306,202,4,,0.696552000000,0.699677083000,true
refine,hybrid,10000000,192,202,1,,0.657273000000,0.659689125000,true
refine,hybrid,10000000,306,202,1,,0.695853000000,0.697979416000,true
refine,hybrid,10000000,305,202,3,,0.689911000000,0.691964917000,true
refine,hybrid,10000000,192,202,4,,0.654795000000,0.656777334000,true
refine,hybrid,10000000,305,202,2,,0.688069000000,0.690664125000,true
refine,hybrid,10000000,306,202,2,,0.696538000000,0.699921750000,true
refine,hybrid,10000000,306,202,5,,0.690417000000,0.692086417000,true
refine,hybrid,10000000,192,202,3,,0.651675000000,0.653600417000,true
refine,hybrid,10000000,305,202,1,,0.685163000000,0.687014167000,true
refine,hybrid,10000000,305,202,5,,0.687977000000,0.689973250000,true
refine,hybrid,10000000,192,202,5,,0.656809000000,0.659766000000,true
refine,hybrid,10000000,192,202,2,,0.656476000000,0.659289625000,true
refine,hybrid,10000000,306,202,3,,0.697982000000,0.700938584000,true
refine,hybrid,10000000,305,202,4,,0.684448000000,0.686145916000,true
refine,hybrid,10000000,305,404,0,854418798,,,true
refine,hybrid,10000000,306,404,0,920033457,,,true
refine,hybrid,10000000,192,404,0,548538752,,,true
refine,hybrid,10000000,306,404,4,,0.703216000000,0.706894125000,true
refine,hybrid,10000000,306,404,3,,0.701323000000,0.705161542000,true
refine,hybrid,10000000,192,404,1,,0.652778000000,0.655315917000,true
refine,hybrid,10000000,192,404,4,,0.650843000000,0.653144083000,true
refine,hybrid,10000000,306,404,5,,0.695521000000,0.697864708000,true
refine,hybrid,10000000,192,404,3,,0.653019000000,0.655430958000,true
refine,hybrid,10000000,305,404,1,,0.687475000000,0.689837750000,true
refine,hybrid,10000000,305,404,4,,0.689979000000,0.693457625000,true
refine,hybrid,10000000,305,404,3,,0.685339000000,0.687669250000,true
refine,hybrid,10000000,305,404,5,,0.686674000000,0.688857250000,true
refine,hybrid,10000000,306,404,1,,0.693024000000,0.695341041000,true
refine,hybrid,10000000,192,404,5,,0.651660000000,0.654053875000,true
refine,hybrid,10000000,192,404,2,,0.649938000000,0.652430250000,true
refine,hybrid,10000000,305,404,2,,0.692591000000,0.696090125000,true
refine,hybrid,10000000,306,404,2,,0.690994000000,0.692749458000,true
validation,hybrid,10000000,192,1303,0,548538181,,,true
validation,merge,10000000,0,1303,0,220101526,,,true
validation,merge,10000000,0,1303,4,,0.853579000000,0.856016333000,true
validation,merge,10000000,0,1303,2,,0.852463000000,0.854763208000,true
validation,hybrid,10000000,192,1303,3,,0.674758000000,0.685516875000,true
validation,hybrid,10000000,192,1303,2,,0.671105000000,0.677143250000,true
validation,merge,10000000,0,1303,1,,0.850711000000,0.853149292000,true
validation,merge,10000000,0,1303,5,,0.853985000000,0.856640500000,true
validation,hybrid,10000000,192,1303,1,,0.653095000000,0.655041208000,true
validation,hybrid,10000000,192,1303,4,,0.654596000000,0.656638125000,true
validation,hybrid,10000000,192,1303,5,,0.655154000000,0.657796875000,true
validation,merge,10000000,0,1303,3,,0.858366000000,0.862224875000,true
validation,hybrid,10000000,192,1505,0,548516352,,,true
validation,merge,10000000,0,1505,0,220098637,,,true
validation,merge,10000000,0,1505,4,,0.841846000000,0.844769542000,true
validation,merge,10000000,0,1505,3,,0.847888000000,0.851232000000,true
validation,merge,10000000,0,1505,5,,0.851506000000,0.855194708000,true
validation,hybrid,10000000,192,1505,3,,0.652886000000,0.655181166000,true
validation,merge,10000000,0,1505,2,,0.841001000000,0.844390125000,true
validation,hybrid,10000000,192,1505,4,,0.654447000000,0.657078000000,true
validation,hybrid,10000000,192,1505,5,,0.651119000000,0.653816125000,true
validation,hybrid,10000000,192,1505,2,,0.645867000000,0.648391250000,true
validation,hybrid,10000000,192,1505,1,,0.650438000000,0.652554667000,true
validation,merge,10000000,0,1505,1,,0.839453000000,0.842464958000,true
validation,merge,10000000,0,1101,0,220099143,,,true
validation,hybrid,10000000,192,1101,0,548492245,,,true
validation,merge,10000000,0,1101,4,,0.843035000000,0.846475250000,true
validation,hybrid,10000000,192,1101,5,,0.738825000000,0.741196083000,true
validation,hybrid,10000000,192,1101,2,,0.747143000000,0.749724958000,true
validation,hybrid,10000000,192,1101,4,,0.742645000000,0.744766334000,true
validation,hybrid,10000000,192,1101,3,,0.746257000000,0.749135875000,true
validation,merge,10000000,0,1101,1,,0.839482000000,0.842654834000,true
validation,hybrid,10000000,192,1101,1,,0.753210000000,0.756394292000,true
validation,merge,10000000,0,1101,5,,0.837198000000,0.839372792000,true
validation,merge,10000000,0,1101,3,,0.840250000000,0.842695167000,true
validation,merge,10000000,0,1101,2,,0.839897000000,0.842588792000,true
validation,merge,10000000,0,1202,0,220101612,,,true
validation,hybrid,10000000,192,1202,0,548737565,,,true
validation,merge,10000000,0,1202,5,,0.850693000000,0.854219584000,true
validation,merge,10000000,0,1202,3,,0.855575000000,0.858928792000,true
validation,hybrid,10000000,192,1202,3,,0.745731000000,0.748256042000,true
validation,merge,10000000,0,1202,1,,0.849986000000,0.852338500000,true
validation,hybrid,10000000,192,1202,4,,0.756983000000,0.760328958000,true
validation,hybrid,10000000,192,1202,1,,0.755311000000,0.759021041000,true
validation,hybrid,10000000,192,1202,2,,0.757687000000,0.761203792000,true
validation,hybrid,10000000,192,1202,5,,0.748492000000,0.750372584000,true
validation,merge,10000000,0,1202,4,,0.849696000000,0.852119875000,true
validation,merge,10000000,0,1202,2,,0.856661000000,0.860617958000,true
validation,hybrid,10000000,192,1404,0,548548020,,,true
validation,merge,10000000,0,1404,0,220103189,,,true
validation,hybrid,10000000,192,1404,2,,0.659856000000,0.662804334000,true
validation,merge,10000000,0,1404,5,,0.836307000000,0.838789792000,true
validation,hybrid,10000000,192,1404,1,,0.643707000000,0.645158500000,true
validation,hybrid,10000000,192,1404,3,,0.651915000000,0.654620875000,true
validation,hybrid,10000000,192,1404,4,,0.650175000000,0.652564167000,true
validation,merge,10000000,0,1404,2,,0.845498000000,0.849161125000,true
validation,merge,10000000,0,1404,4,,0.850621000000,0.855430833000,true
validation,hybrid,10000000,192,1404,5,,0.645816000000,0.647693625000,true
validation,merge,10000000,0,1404,3,,0.841275000000,0.844401000000,true
validation,merge,10000000,0,1404,1,,0.839729000000,0.842562416000,true
