experiment,algorithm,n,threshold,seed,repetition,key_comparisons,cpu_seconds,elapsed_seconds,correct
fixed_s,hybrid,3000,32,101,0,40021,,,true
fixed_s,hybrid,3000,32,101,3,,5e-05,4.9292e-05,true
fixed_s,hybrid,3000,32,101,1,,4.4e-05,4.425e-05,true
fixed_s,hybrid,3000,32,101,2,,4.3e-05,4.3375e-05,true
fixed_s,hybrid,3000,32,303,0,39827,,,true
fixed_s,hybrid,3000,32,303,2,,4.8e-05,4.8959e-05,true
fixed_s,hybrid,3000,32,303,3,,4.4e-05,4.4541e-05,true
fixed_s,hybrid,3000,32,303,1,,4.3e-05,4.3291e-05,true
fixed_s,hybrid,10000,32,505,0,143675,,,true
fixed_s,hybrid,10000,32,505,3,,0.000207,0.00020675,true
fixed_s,hybrid,10000,32,505,2,,0.000189,0.000189166,true
fixed_s,hybrid,10000,32,505,1,,0.00018,0.00017975,true
fixed_s,hybrid,30000,32,303,0,536812,,,true
fixed_s,hybrid,30000,32,303,3,,0.000702,0.000701833,true
fixed_s,hybrid,30000,32,303,1,,0.000687,0.000687375,true
fixed_s,hybrid,30000,32,303,2,,0.000672,0.000672542,true
fixed_s,hybrid,300000,32,202,0,5709675,,,true
fixed_s,hybrid,300000,32,202,2,,0.008928,0.008932291,true
fixed_s,hybrid,300000,32,202,3,,0.008864,0.008867291,true
fixed_s,hybrid,300000,32,202,1,,0.008903,0.008919625,true
fixed_s,hybrid,300000,32,101,0,5710097,,,true
fixed_s,hybrid,300000,32,101,3,,0.008931,0.008942459,true
fixed_s,hybrid,300000,32,101,2,,0.008917,0.0089255,true
fixed_s,hybrid,300000,32,101,1,,0.008858,0.008865791,true
fixed_s,hybrid,10000000,32,303,0,242302573,,,true
fixed_s,hybrid,10000000,32,303,2,,0.383786,0.38425225,true
fixed_s,hybrid,10000000,32,303,1,,0.387163,0.387506916,true
fixed_s,hybrid,10000000,32,303,3,,0.385995,0.386334375,true
fixed_s,hybrid,100000,32,101,0,1863365,,,true
fixed_s,hybrid,100000,32,101,1,,0.002652,0.002652333,true
fixed_s,hybrid,100000,32,101,3,,0.002625,0.002625917,true
fixed_s,hybrid,100000,32,101,2,,0.002667,0.002675041,true
fixed_s,hybrid,3000000,32,303,0,69680249,,,true
fixed_s,hybrid,3000000,32,303,2,,0.105309,0.105363791,true
fixed_s,hybrid,3000000,32,303,1,,0.105232,0.105304791,true
fixed_s,hybrid,3000000,32,303,3,,0.10533,0.10540975,true
fixed_s,hybrid,100000,32,404,0,1861601,,,true
fixed_s,hybrid,100000,32,404,1,,0.002647,0.002656167,true
fixed_s,hybrid,100000,32,404,2,,0.002645,0.002645666,true
fixed_s,hybrid,100000,32,404,3,,0.002731,0.0027365,true
fixed_s,hybrid,300000,32,404,0,5708905,,,true
fixed_s,hybrid,300000,32,404,2,,0.008992,0.009007583,true
fixed_s,hybrid,300000,32,404,1,,0.00894,0.00894425,true
fixed_s,hybrid,300000,32,404,3,,0.008836,0.008844667,true
fixed_s,hybrid,300000,32,303,0,5709417,,,true
fixed_s,hybrid,300000,32,303,2,,0.008967,0.008979583,true
fixed_s,hybrid,300000,32,303,3,,0.008846,0.008846667,true
fixed_s,hybrid,300000,32,303,1,,0.008897,0.008903292,true
fixed_s,hybrid,3000,32,202,0,40388,,,true
fixed_s,hybrid,3000,32,202,1,,4.8e-05,4.9125e-05,true
fixed_s,hybrid,3000,32,202,2,,4.6e-05,4.4584e-05,true
fixed_s,hybrid,3000,32,202,3,,4.3e-05,4.3708e-05,true
fixed_s,hybrid,1000,32,404,0,13384,,,true
fixed_s,hybrid,1000,32,404,1,,1.4e-05,1.4e-05,true
fixed_s,hybrid,1000,32,404,3,,1.2e-05,1.2125e-05,true
fixed_s,hybrid,1000,32,404,2,,1.1e-05,1.1917e-05,true
fixed_s,hybrid,10000,32,101,0,143461,,,true
fixed_s,hybrid,10000,32,101,2,,0.00025,0.000253291,true
fixed_s,hybrid,10000,32,101,3,,0.00021,0.0002105,true
fixed_s,hybrid,10000,32,101,1,,0.000182,0.000182875,true
fixed_s,hybrid,10000,32,404,0,143703,,,true
fixed_s,hybrid,10000,32,404,3,,0.000206,0.000207416,true
fixed_s,hybrid,10000,32,404,2,,0.00019,0.000189875,true
fixed_s,hybrid,10000,32,404,1,,0.000179,0.000180167,true
fixed_s,hybrid,10000,32,303,0,143742,,,true
fixed_s,hybrid,10000,32,303,1,,0.000201,0.000201958,true
fixed_s,hybrid,10000,32,303,2,,0.000189,0.000189875,true
fixed_s,hybrid,10000,32,303,3,,0.000183,0.000183458,true
fixed_s,hybrid,3000000,32,505,0,69675836,,,true
fixed_s,hybrid,3000000,32,505,1,,0.105147,0.105230583,true
fixed_s,hybrid,3000000,32,505,3,,0.104939,0.105000584,true
fixed_s,hybrid,3000000,32,505,2,,0.105058,0.105129875,true
fixed_s,hybrid,10000000,32,202,0,242317117,,,true
fixed_s,hybrid,10000000,32,202,1,,0.392658,0.394013083,true
fixed_s,hybrid,10000000,32,202,2,,0.391479,0.393810833,true
fixed_s,hybrid,10000000,32,202,3,,0.383865,0.384169958,true
fixed_s,hybrid,3000,32,404,0,40001,,,true
fixed_s,hybrid,3000,32,404,2,,5e-05,5.025e-05,true
fixed_s,hybrid,3000,32,404,1,,4.5e-05,4.525e-05,true
fixed_s,hybrid,3000,32,404,3,,4.4e-05,4.4542e-05,true
fixed_s,hybrid,30000,32,202,0,536525,,,true
fixed_s,hybrid,30000,32,202,3,,0.000734,0.000738917,true
fixed_s,hybrid,30000,32,202,2,,0.000711,0.000712958,true
fixed_s,hybrid,30000,32,202,1,,0.000691,0.0006915,true
fixed_s,hybrid,30000,32,404,0,534079,,,true
fixed_s,hybrid,30000,32,404,2,,0.000759,0.000758917,true
fixed_s,hybrid,30000,32,404,3,,0.000708,0.000708042,true
fixed_s,hybrid,30000,32,404,1,,0.000691,0.000690584,true
fixed_s,hybrid,3000000,32,101,0,69670098,,,true
fixed_s,hybrid,3000000,32,101,3,,0.105516,0.105607,true
fixed_s,hybrid,3000000,32,101,2,,0.105407,0.105474666,true
fixed_s,hybrid,3000000,32,101,1,,0.105297,0.1053765,true
fixed_s,hybrid,30000,32,101,0,535356,,,true
fixed_s,hybrid,30000,32,101,3,,0.0007,0.000700583,true
fixed_s,hybrid,30000,32,101,2,,0.000684,0.000683875,true
fixed_s,hybrid,30000,32,101,1,,0.000666,0.00066675,true
fixed_s,hybrid,1000,32,303,0,13530,,,true
fixed_s,hybrid,1000,32,303,1,,1.4e-05,1.4084e-05,true
fixed_s,hybrid,1000,32,303,2,,1.2e-05,1.2208e-05,true
fixed_s,hybrid,1000,32,303,3,,1.2e-05,1.2e-05,true
fixed_s,hybrid,1000000,32,202,0,23192150,,,true
fixed_s,hybrid,1000000,32,202,3,,0.032258,0.0322795,true
fixed_s,hybrid,1000000,32,202,2,,0.032176,0.032187875,true
fixed_s,hybrid,1000000,32,202,1,,0.032161,0.0321805,true
fixed_s,hybrid,100000,32,202,0,1861120,,,true
fixed_s,hybrid,100000,32,202,1,,0.002674,0.002681833,true
fixed_s,hybrid,100000,32,202,3,,0.002661,0.00266125,true
fixed_s,hybrid,100000,32,202,2,,0.002807,0.002817542,true
fixed_s,hybrid,1000000,32,303,0,23191162,,,true
fixed_s,hybrid,1000000,32,303,3,,0.032595,0.032629875,true
fixed_s,hybrid,1000000,32,303,1,,0.032508,0.032534459,true
fixed_s,hybrid,1000000,32,303,2,,0.032529,0.03256575,true
fixed_s,hybrid,1000,32,202,0,13338,,,true
fixed_s,hybrid,1000,32,202,3,,1.4e-05,1.4042e-05,true
fixed_s,hybrid,1000,32,202,1,,1.1e-05,1.2208e-05,true
fixed_s,hybrid,1000,32,202,2,,1.3e-05,1.1917e-05,true
fixed_s,hybrid,1000000,32,101,0,23184230,,,true
fixed_s,hybrid,1000000,32,101,1,,0.032294,0.032316084,true
fixed_s,hybrid,1000000,32,101,2,,0.032567,0.032597459,true
fixed_s,hybrid,1000000,32,101,3,,0.032571,0.032586375,true
fixed_s,hybrid,1000000,32,404,0,23185945,,,true
fixed_s,hybrid,1000000,32,404,1,,0.032233,0.032258666,true
fixed_s,hybrid,1000000,32,404,3,,0.032637,0.03266875,true
fixed_s,hybrid,1000000,32,404,2,,0.032414,0.032439,true
fixed_s,hybrid,1000,32,101,0,13372,,,true
fixed_s,hybrid,1000,32,101,3,,1.4e-05,1.3917e-05,true
fixed_s,hybrid,1000,32,101,2,,1.2e-05,1.2167e-05,true
fixed_s,hybrid,1000,32,101,1,,1.2e-05,1.2e-05,true
fixed_s,hybrid,10000000,32,101,0,242314243,,,true
fixed_s,hybrid,10000000,32,101,2,,0.383266,0.383596375,true
fixed_s,hybrid,10000000,32,101,3,,0.382946,0.383302208,true
fixed_s,hybrid,10000000,32,101,1,,0.383427,0.383815958,true
fixed_s,hybrid,100000,32,303,0,1862232,,,true
fixed_s,hybrid,100000,32,303,3,,0.002642,0.0026495,true
fixed_s,hybrid,100000,32,303,1,,0.002631,0.002632,true
fixed_s,hybrid,100000,32,303,2,,0.002655,0.00265625,true
fixed_s,hybrid,1000000,32,505,0,23189085,,,true
fixed_s,hybrid,1000000,32,505,1,,0.032135,0.0321535,true
fixed_s,hybrid,1000000,32,505,2,,0.032113,0.032144375,true
fixed_s,hybrid,1000000,32,505,3,,0.033099,0.033182625,true
fixed_s,hybrid,10000000,32,404,0,242304980,,,true
fixed_s,hybrid,10000000,32,404,3,,0.386851,0.387207291,true
fixed_s,hybrid,10000000,32,404,2,,0.386898,0.387364,true
fixed_s,hybrid,10000000,32,404,1,,0.383539,0.383800083,true
fixed_s,hybrid,3000000,32,202,0,69680086,,,true
fixed_s,hybrid,3000000,32,202,2,,0.105462,0.105530541,true
fixed_s,hybrid,3000000,32,202,1,,0.105323,0.1054205,true
fixed_s,hybrid,3000000,32,202,3,,0.106448,0.106622959,true
fixed_s,hybrid,3000000,32,404,0,69668802,,,true
fixed_s,hybrid,3000000,32,404,2,,0.105946,0.1061325,true
fixed_s,hybrid,3000000,32,404,3,,0.108293,0.108801667,true
fixed_s,hybrid,3000000,32,404,1,,0.106327,0.106481958,true
fixed_s,hybrid,30000,32,505,0,535994,,,true
fixed_s,hybrid,30000,32,505,1,,0.00079,0.000813042,true
fixed_s,hybrid,30000,32,505,3,,0.000726,0.000725,true
fixed_s,hybrid,30000,32,505,2,,0.000694,0.000693625,true
fixed_s,hybrid,1000,32,505,0,13744,,,true
fixed_s,hybrid,1000,32,505,1,,1.3e-05,1.3667e-05,true
fixed_s,hybrid,1000,32,505,2,,1.2e-05,1.2292e-05,true
fixed_s,hybrid,1000,32,505,3,,1.2e-05,1.2e-05,true
fixed_s,hybrid,10000000,32,505,0,242308363,,,true
fixed_s,hybrid,10000000,32,505,1,,0.385348,0.385606334,true
fixed_s,hybrid,10000000,32,505,2,,0.398769,0.402685083,true
fixed_s,hybrid,10000000,32,505,3,,0.383843,0.384292708,true
fixed_s,hybrid,300000,32,505,0,5712305,,,true
fixed_s,hybrid,300000,32,505,1,,0.008925,0.008925334,true
fixed_s,hybrid,300000,32,505,2,,0.009224,0.009246833,true
fixed_s,hybrid,300000,32,505,3,,0.009494,0.009494917,true
fixed_s,hybrid,10000,32,202,0,143335,,,true
fixed_s,hybrid,10000,32,202,2,,0.000213,0.000216125,true
fixed_s,hybrid,10000,32,202,1,,0.000191,0.000194084,true
fixed_s,hybrid,10000,32,202,3,,0.000191,0.000191625,true
fixed_s,hybrid,3000,32,505,0,40143,,,true
fixed_s,hybrid,3000,32,505,1,,5.2e-05,5.5625e-05,true
fixed_s,hybrid,3000,32,505,2,,5.1e-05,5.1041e-05,true
fixed_s,hybrid,3000,32,505,3,,4.3e-05,4.675e-05,true
fixed_s,hybrid,100000,32,505,0,1861310,,,true
fixed_s,hybrid,100000,32,505,2,,0.002809,0.002813458,true
fixed_s,hybrid,100000,32,505,1,,0.00282,0.002822875,true
fixed_s,hybrid,100000,32,505,3,,0.002802,0.002818125,true
coarse,hybrid,10000000,48,202,0,281247717,,,true
coarse,hybrid,10000000,128,202,0,367370632,,,true
coarse,hybrid,10000000,4,202,0,220225728,,,true
coarse,hybrid,10000000,32,202,0,242317117,,,true
coarse,hybrid,10000000,16,202,0,226420347,,,true
coarse,hybrid,10000000,2,202,0,220103413,,,true
coarse,hybrid,10000000,96,202,0,367370632,,,true
coarse,hybrid,10000000,1,202,0,220103413,,,true
coarse,hybrid,10000000,8,202,0,221114374,,,true
coarse,hybrid,10000000,64,202,0,281247717,,,true
coarse,hybrid,10000000,24,202,0,242317117,,,true
coarse,hybrid,10000000,24,202,2,,0.384328,0.384704208,true
coarse,hybrid,10000000,32,202,3,,0.383236,0.383515458,true
coarse,hybrid,10000000,8,202,2,,0.407048,0.408364375,true
coarse,hybrid,10000000,24,202,3,,0.384932,0.385245375,true
coarse,hybrid,10000000,8,202,3,,0.40102,0.401347417,true
coarse,hybrid,10000000,16,202,1,,0.393169,0.39364675,true
coarse,hybrid,10000000,48,202,1,,0.380095,0.380400125,true
coarse,hybrid,10000000,64,202,3,,0.3802,0.380473958,true
coarse,hybrid,10000000,4,202,2,,0.413128,0.413553375,true
coarse,hybrid,10000000,1,202,1,,0.434084,0.434561625,true
coarse,hybrid,10000000,8,202,1,,0.402436,0.402766666,true
coarse,hybrid,10000000,4,202,1,,0.424755,0.433600791,true
coarse,hybrid,10000000,128,202,2,,0.389629,0.390208833,true
coarse,hybrid,10000000,1,202,3,,0.432466,0.432845583,true
coarse,hybrid,10000000,64,202,1,,0.379248,0.379507709,true
coarse,hybrid,10000000,96,202,1,,0.386277,0.386601917,true
coarse,hybrid,10000000,48,202,2,,0.379689,0.379949541,true
coarse,hybrid,10000000,128,202,1,,0.386354,0.386698541,true
coarse,hybrid,10000000,48,202,3,,0.380615,0.380951375,true
coarse,hybrid,10000000,1,202,2,,0.433694,0.434077458,true
coarse,hybrid,10000000,2,202,2,,0.421019,0.421375375,true
coarse,hybrid,10000000,64,202,2,,0.379706,0.380017,true
coarse,hybrid,10000000,4,202,3,,0.410689,0.411068792,true
coarse,hybrid,10000000,96,202,2,,0.386557,0.386965417,true
coarse,hybrid,10000000,128,202,3,,0.386506,0.3868445,true
coarse,hybrid,10000000,16,202,3,,0.390788,0.39109575,true
coarse,hybrid,10000000,32,202,1,,0.383801,0.384134542,true
coarse,hybrid,10000000,2,202,1,,0.430372,0.4351,true
coarse,hybrid,10000000,2,202,3,,0.421071,0.421557208,true
coarse,hybrid,10000000,96,202,3,,0.388355,0.388884291,true
coarse,hybrid,10000000,16,202,2,,0.392452,0.392879375,true
coarse,hybrid,10000000,24,202,1,,0.426306,0.56327175,true
coarse,hybrid,10000000,32,202,2,,0.469719,0.685920208,true
coarse,hybrid,10000,16,404,0,126729,,,true
coarse,hybrid,10000,64,404,0,183501,,,true
coarse,hybrid,10000,128,404,0,272780,,,true
coarse,hybrid,10000,2,404,0,120276,,,true
coarse,hybrid,10000,8,404,0,121308,,,true
coarse,hybrid,10000,4,404,0,120295,,,true
coarse,hybrid,10000,96,404,0,272780,,,true
coarse,hybrid,10000,48,404,0,183501,,,true
coarse,hybrid,10000,32,404,0,143703,,,true
coarse,hybrid,10000,24,404,0,143703,,,true
coarse,hybrid,10000,1,404,0,120276,,,true
coarse,hybrid,10000,48,404,3,,0.000224,0.000224416,true
coarse,hybrid,10000,96,404,3,,0.000239,0.000249833,true
coarse,hybrid,10000,16,404,2,,0.000238,0.000238542,true
coarse,hybrid,10000,128,404,2,,0.000221,0.00022225,true
coarse,hybrid,10000,8,404,2,,0.000251,0.000251375,true
coarse,hybrid,10000,32,404,2,,0.000225,0.000224708,true
coarse,hybrid,10000,1,404,3,,0.000285,0.00028575,true
coarse,hybrid,10000,16,404,1,,0.000228,0.000228917,true
coarse,hybrid,10000,8,404,1,,0.000237,0.000237334,true
coarse,hybrid,10000,128,404,3,,0.000221,0.00022075,true
coarse,hybrid,10000,96,404,2,,0.000216,0.000216542,true
coarse,hybrid,10000,48,404,1,,0.000214,0.00021325,true
coarse,hybrid,10000,48,404,2,,0.000203,0.000203833,true
coarse,hybrid,10000,4,404,2,,0.000258,0.000258583,true
coarse,hybrid,10000,32,404,1,,0.00022,0.000221875,true
coarse,hybrid,10000,16,404,3,,0.000244,0.0002465,true
coarse,hybrid,10000,64,404,1,,0.000229,0.000228709,true
coarse,hybrid,10000,24,404,2,,0.000228,0.000228333,true
coarse,hybrid,10000,1,404,2,,0.000312,0.000340792,true
coarse,hybrid,10000,2,404,1,,0.000276,0.000275458,true
coarse,hybrid,10000,64,404,2,,0.00024,0.000273042,true
coarse,hybrid,10000,32,404,3,,0.000241,0.000263459,true
coarse,hybrid,10000,1,404,1,,0.000296,0.000303667,true
coarse,hybrid,10000,128,404,1,,0.000229,0.000229916,true
coarse,hybrid,10000,24,404,3,,0.000225,0.000226125,true
coarse,hybrid,10000,4,404,3,,0.00026,0.000260042,true
coarse,hybrid,10000,4,404,1,,0.000239,0.000239542,true
coarse,hybrid,10000,8,404,3,,0.000247,0.000247875,true
coarse,hybrid,10000,2,404,3,,0.000271,0.000270833,true
coarse,hybrid,10000,64,404,3,,0.000227,0.0002355,true
coarse,hybrid,10000,96,404,1,,0.000226,0.000225834,true
coarse,hybrid,10000,2,404,2,,0.000347,0.000356958,true
coarse,hybrid,10000,24,404,1,,0.000243,0.000261833,true
coarse,hybrid,1000000,96,101,0,29888819,,,true
coarse,hybrid,1000000,64,101,0,29888819,,,true
coarse,hybrid,1000000,4,101,0,18727623,,,true
coarse,hybrid,1000000,16,101,0,20223703,,,true
coarse,hybrid,1000000,32,101,0,23184230,,,true
coarse,hybrid,1000000,24,101,0,20223703,,,true
coarse,hybrid,1000000,8,101,0,19071888,,,true
coarse,hybrid,1000000,48,101,0,23184230,,,true
coarse,hybrid,1000000,1,101,0,18674036,,,true
coarse,hybrid,1000000,128,101,0,44188294,,,true
coarse,hybrid,1000000,2,101,0,18674036,,,true
coarse,hybrid,1000000,8,101,3,,0.036619,0.036679625,true
coarse,hybrid,1000000,96,101,2,,0.035083,0.0351435,true
coarse,hybrid,1000000,64,101,1,,0.035081,0.035137792,true
coarse,hybrid,1000000,4,101,1,,0.037431,0.037438459,true
coarse,hybrid,1000000,96,101,3,,0.03501,0.035038667,true
coarse,hybrid,1000000,128,101,1,,0.037551,0.037590958,true
coarse,hybrid,1000000,8,101,2,,0.03638,0.036458959,true
coarse,hybrid,1000000,128,101,2,,0.037181,0.037223917,true
coarse,hybrid,1000000,16,101,1,,0.03551,0.03556175,true
coarse,hybrid,1000000,2,101,3,,0.039371,0.039420041,true
coarse,hybrid,1000000,64,101,2,,0.035298,0.035356959,true
coarse,hybrid,1000000,1,101,1,,0.040833,0.04086925,true
coarse,hybrid,1000000,96,101,1,,0.034897,0.034918792,true
coarse,hybrid,1000000,32,101,2,,0.034801,0.03485625,true
coarse,hybrid,1000000,1,101,2,,0.040435,0.040492959,true
coarse,hybrid,1000000,2,101,2,,0.039232,0.039346333,true
coarse,hybrid,1000000,8,101,1,,0.036715,0.036781583,true
coarse,hybrid,1000000,24,101,3,,0.035537,0.035585333,true
coarse,hybrid,1000000,4,101,2,,0.037743,0.037809458,true
coarse,hybrid,1000000,2,101,1,,0.039314,0.039378791,true
coarse,hybrid,1000000,24,101,2,,0.035773,0.0359155,true
coarse,hybrid,1000000,64,101,3,,0.035235,0.035368375,true
coarse,hybrid,1000000,4,101,3,,0.037722,0.037820959,true
coarse,hybrid,1000000,32,101,3,,0.034778,0.034880833,true
coarse,hybrid,1000000,24,101,1,,0.035389,0.035536125,true
coarse,hybrid,1000000,48,101,2,,0.034696,0.034839458,true
coarse,hybrid,1000000,128,101,3,,0.037104,0.037172083,true
coarse,hybrid,1000000,48,101,1,,0.03475,0.034883667,true
coarse,hybrid,1000000,16,101,3,,0.035436,0.035544917,true
coarse,hybrid,1000000,32,101,1,,0.034729,0.03480825,true
coarse,hybrid,1000000,48,101,3,,0.034997,0.035162292,true
coarse,hybrid,1000000,1,101,3,,0.040687,0.040788458,true
coarse,hybrid,1000000,16,101,2,,0.035566,0.035620333,true
coarse,hybrid,100000,32,303,0,1862232,,,true
coarse,hybrid,100000,16,303,0,1639658,,,true
coarse,hybrid,100000,128,303,0,3500545,,,true
coarse,hybrid,100000,1,303,0,1536574,,,true
coarse,hybrid,100000,8,303,0,1558005,,,true
coarse,hybrid,100000,48,303,0,1948659,,,true
coarse,hybrid,100000,24,303,0,1764562,,,true
coarse,hybrid,100000,4,303,0,1537191,,,true
coarse,hybrid,100000,96,303,0,2377919,,,true
coarse,hybrid,100000,2,303,0,1536574,,,true
coarse,hybrid,100000,64,303,0,2377919,,,true
coarse,hybrid,100000,16,303,1,,0.003022,0.00302325,true
coarse,hybrid,100000,128,303,2,,0.003035,0.003037666,true
coarse,hybrid,100000,24,303,3,,0.00296,0.002989542,true
coarse,hybrid,100000,48,303,3,,0.002846,0.002846834,true
coarse,hybrid,100000,2,303,3,,0.003296,0.003297,true
coarse,hybrid,100000,1,303,2,,0.003483,0.003484416,true
coarse,hybrid,100000,2,303,2,,0.003316,0.003319,true
coarse,hybrid,100000,16,303,3,,0.003014,0.003086542,true
coarse,hybrid,100000,64,303,1,,0.0028,0.002801375,true
coarse,hybrid,100000,24,303,2,,0.002889,0.002889584,true
coarse,hybrid,100000,4,303,3,,0.003154,0.003164334,true
coarse,hybrid,100000,48,303,2,,0.00285,0.002852958,true
coarse,hybrid,100000,96,303,2,,0.002836,0.002841084,true
coarse,hybrid,100000,32,303,2,,0.002876,0.002918375,true
coarse,hybrid,100000,1,303,1,,0.003458,0.003460375,true
coarse,hybrid,100000,96,303,3,,0.002835,0.0028645,true
coarse,hybrid,100000,32,303,3,,0.002861,0.00286125,true
coarse,hybrid,100000,16,303,2,,0.002948,0.002950084,true
coarse,hybrid,100000,8,303,3,,0.003047,0.003050084,true
coarse,hybrid,100000,2,303,1,,0.003273,0.003274,true
coarse,hybrid,100000,1,303,3,,0.003419,0.003424916,true
coarse,hybrid,100000,96,303,1,,0.002861,0.0029005,true
coarse,hybrid,100000,32,303,1,,0.00283,0.002830791,true
coarse,hybrid,100000,8,303,2,,0.003045,0.003055541,true
coarse,hybrid,100000,64,303,3,,0.002748,0.002747958,true
coarse,hybrid,100000,64,303,2,,0.00275,0.002750916,true
coarse,hybrid,100000,4,303,2,,0.003145,0.003159583,true
coarse,hybrid,100000,8,303,1,,0.003046,0.003045417,true
coarse,hybrid,100000,48,303,1,,0.002858,0.002861959,true
coarse,hybrid,100000,128,303,3,,0.003039,0.003097541,true
coarse,hybrid,100000,4,303,1,,0.003115,0.003113875,true
coarse,hybrid,100000,24,303,1,,0.002891,0.002895042,true
coarse,hybrid,100000,128,303,1,,0.002989,0.002995917,true
coarse,hybrid,10000,8,101,0,121472,,,true
coarse,hybrid,10000,64,101,0,183109,,,true
coarse,hybrid,10000,128,101,0,270806,,,true
coarse,hybrid,10000,48,101,0,183109,,,true
coarse,hybrid,10000,32,101,0,143461,,,true
coarse,hybrid,10000,16,101,0,126926,,,true
coarse,hybrid,10000,96,101,0,270806,,,true
coarse,hybrid,10000,2,101,0,120545,,,true
coarse,hybrid,10000,1,101,0,120545,,,true
coarse,hybrid,10000,4,101,0,120558,,,true
coarse,hybrid,10000,24,101,0,143461,,,true
coarse,hybrid,10000,24,101,3,,0.000231,0.000230916,true
coarse,hybrid,10000,64,101,2,,0.000223,0.000226375,true
coarse,hybrid,10000,8,101,3,,0.000251,0.00025225,true
coarse,hybrid,10000,1,101,3,,0.000287,0.0002865,true
coarse,hybrid,10000,4,101,2,,0.000261,0.000260917,true
coarse,hybrid,10000,4,101,1,,0.000236,0.000236958,true
coarse,hybrid,10000,24,101,2,,0.000225,0.000224708,true
coarse,hybrid,10000,32,101,3,,0.000203,0.00020425,true
coarse,hybrid,10000,8,101,2,,0.000237,0.000236959,true
coarse,hybrid,10000,96,101,2,,0.000231,0.000231833,true
coarse,hybrid,10000,4,101,3,,0.000234,0.000233833,true
coarse,hybrid,10000,24,101,1,,0.000203,0.000203333,true
coarse,hybrid,10000,64,101,3,,0.000222,0.000224583,true
coarse,hybrid,10000,32,101,2,,0.00021,0.000211209,true
coarse,hybrid,10000,32,101,1,,0.000197,0.000197542,true
coarse,hybrid,10000,96,101,3,,0.000226,0.0002265,true
coarse,hybrid,10000,16,101,3,,0.000237,0.000238,true
coarse,hybrid,10000,48,101,1,,0.000214,0.000217125,true
coarse,hybrid,10000,8,101,1,,0.000249,0.00024875,true
coarse,hybrid,10000,2,101,1,,0.000268,0.000268292,true
coarse,hybrid,10000,128,101,2,,0.000222,0.000224917,true
coarse,hybrid,10000,64,101,1,,0.00021,0.000209208,true
coarse,hybrid,10000,48,101,3,,0.000201,0.000202,true
coarse,hybrid,10000,48,101,2,,0.000198,0.00019875,true
coarse,hybrid,10000,128,101,3,,0.000218,0.000218125,true
coarse,hybrid,10000,16,101,2,,0.000228,0.000228334,true
coarse,hybrid,10000,2,101,2,,0.000256,0.00025625,true
coarse,hybrid,10000,128,101,1,,0.000216,0.0002165,true
coarse,hybrid,10000,1,101,1,,0.000282,0.000282292,true
coarse,hybrid,10000,1,101,2,,0.000272,0.000272417,true
coarse,hybrid,10000,96,101,1,,0.000214,0.000214791,true
coarse,hybrid,10000,16,101,1,,0.000218,0.000219125,true
coarse,hybrid,10000,2,101,3,,0.000253,0.000253375,true
coarse,hybrid,10000000,48,101,0,281248435,,,true
coarse,hybrid,10000000,32,101,0,242314243,,,true
coarse,hybrid,10000000,8,101,0,221109128,,,true
coarse,hybrid,10000000,96,101,0,367325718,,,true
coarse,hybrid,10000000,1,101,0,220100801,,,true
coarse,hybrid,10000000,4,101,0,220222089,,,true
coarse,hybrid,10000000,2,101,0,220100801,,,true
coarse,hybrid,10000000,24,101,0,242314243,,,true
coarse,hybrid,10000000,128,101,0,367325718,,,true
coarse,hybrid,10000000,16,101,0,226412478,,,true
coarse,hybrid,10000000,64,101,0,281248435,,,true
coarse,hybrid,10000000,64,101,2,,0.404879,0.420882375,true
coarse,hybrid,10000000,128,101,2,,0.395104,0.397138875,true
coarse,hybrid,10000000,8,101,3,,0.404003,0.404697875,true
coarse,hybrid,10000000,32,101,3,,0.386659,0.387508125,true
coarse,hybrid,10000000,128,101,1,,0.392825,0.395127625,true
coarse,hybrid,10000000,24,101,2,,0.405805,0.408165166,true
coarse,hybrid,10000000,4,101,3,,0.413687,0.414736292,true
coarse,hybrid,10000000,64,101,1,,0.381207,0.3817725,true
coarse,hybrid,10000000,96,101,2,,0.389033,0.389625875,true
coarse,hybrid,10000000,2,101,3,,0.43547,0.439827375,true
coarse,hybrid,10000000,2,101,2,,0.421491,0.422034833,true
coarse,hybrid,10000000,48,101,3,,0.381266,0.3817555,true
coarse,hybrid,10000000,2,101,1,,0.422111,0.422680791,true
coarse,hybrid,10000000,48,101,1,,0.381114,0.381704666,true
coarse,hybrid,10000000,128,101,3,,0.387727,0.388276417,true
coarse,hybrid,10000000,16,101,1,,0.39273,0.393152167,true
coarse,hybrid,10000000,1,101,1,,0.436536,0.436945458,true
coarse,hybrid,10000000,48,101,2,,0.380699,0.381005667,true
coarse,hybrid,10000000,32,101,2,,0.384764,0.385101125,true
coarse,hybrid,10000000,8,101,1,,0.40227,0.402634667,true
coarse,hybrid,10000000,1,101,3,,0.434046,0.434578375,true
coarse,hybrid,10000000,96,101,1,,0.387602,0.388150083,true
coarse,hybrid,10000000,1,101,2,,0.43368,0.434240541,true
coarse,hybrid,10000000,4,101,1,,0.417441,0.418485625,true
coarse,hybrid,10000000,24,101,1,,0.387669,0.388318083,true
coarse,hybrid,10000000,16,101,2,,0.392648,0.393230292,true
coarse,hybrid,10000000,96,101,3,,0.388489,0.389029709,true
coarse,hybrid,10000000,24,101,3,,0.385122,0.385626417,true
coarse,hybrid,10000000,4,101,2,,0.411901,0.412474,true
coarse,hybrid,10000000,8,101,2,,0.414349,0.420150459,true
coarse,hybrid,10000000,32,101,1,,0.388839,0.389991917,true
coarse,hybrid,10000000,64,101,3,,0.384801,0.385426125,true
coarse,hybrid,10000000,16,101,3,,0.392749,0.393304917,true
coarse,hybrid,1000000,24,202,0,20227841,,,true
coarse,hybrid,1000000,16,202,0,20227841,,,true
coarse,hybrid,1000000,64,202,0,29908813,,,true
coarse,hybrid,1000000,128,202,0,44212101,,,true
coarse,hybrid,1000000,2,202,0,18674215,,,true
coarse,hybrid,1000000,96,202,0,29908813,,,true
coarse,hybrid,1000000,48,202,0,23192150,,,true
coarse,hybrid,1000000,32,202,0,23192150,,,true
coarse,hybrid,1000000,1,202,0,18674215,,,true
coarse,hybrid,1000000,4,202,0,18728060,,,true
coarse,hybrid,1000000,8,202,0,19074243,,,true
coarse,hybrid,1000000,64,202,1,,0.032786,0.032829833,true
coarse,hybrid,1000000,24,202,1,,0.033176,0.033245708,true
coarse,hybrid,1000000,16,202,2,,0.033245,0.033300833,true
coarse,hybrid,1000000,32,202,1,,0.032474,0.032530084,true
coarse,hybrid,1000000,48,202,2,,0.032468,0.032540542,true
coarse,hybrid,1000000,48,202,3,,0.032487,0.032541375,true
coarse,hybrid,1000000,96,202,3,,0.03284,0.032891666,true
coarse,hybrid,1000000,8,202,1,,0.034285,0.034347125,true
coarse,hybrid,1000000,4,202,2,,0.035417,0.035464,true
coarse,hybrid,1000000,24,202,2,,0.033195,0.033246333,true
coarse,hybrid,1000000,8,202,2,,0.034152,0.034193125,true
coarse,hybrid,1000000,1,202,2,,0.038282,0.038336625,true
coarse,hybrid,1000000,24,202,3,,0.033147,0.033201,true
coarse,hybrid,1000000,2,202,3,,0.036856,0.036941292,true
coarse,hybrid,1000000,16,202,3,,0.033109,0.033160041,true
coarse,hybrid,1000000,1,202,3,,0.037888,0.037938167,true
coarse,hybrid,1000000,4,202,1,,0.035161,0.035234417,true
coarse,hybrid,1000000,2,202,2,,0.036447,0.036498083,true
coarse,hybrid,1000000,96,202,1,,0.032744,0.032783708,true
coarse,hybrid,1000000,96,202,2,,0.032797,0.032869833,true
coarse,hybrid,1000000,64,202,2,,0.032822,0.032875584,true
coarse,hybrid,1000000,64,202,3,,0.032656,0.032692167,true
coarse,hybrid,1000000,16,202,1,,0.033104,0.033159167,true
coarse,hybrid,1000000,4,202,3,,0.03521,0.035278084,true
coarse,hybrid,1000000,128,202,2,,0.034714,0.034767125,true
coarse,hybrid,1000000,48,202,1,,0.032486,0.032530167,true
coarse,hybrid,1000000,32,202,3,,0.032385,0.032426042,true
coarse,hybrid,1000000,2,202,1,,0.036625,0.036674166,true
coarse,hybrid,1000000,8,202,3,,0.034189,0.034224084,true
coarse,hybrid,1000000,128,202,3,,0.034711,0.034752875,true
coarse,hybrid,1000000,128,202,1,,0.034673,0.034723958,true
coarse,hybrid,1000000,1,202,1,,0.038039,0.038117209,true
coarse,hybrid,1000000,32,202,2,,0.032307,0.032344958,true
coarse,hybrid,100000,1,202,0,1536530,,,true
coarse,hybrid,100000,32,202,0,1861120,,,true
coarse,hybrid,100000,2,202,0,1536530,,,true
coarse,hybrid,100000,8,202,0,1557738,,,true
coarse,hybrid,100000,96,202,0,2384409,,,true
coarse,hybrid,100000,16,202,0,1638230,,,true
coarse,hybrid,100000,24,202,0,1764052,,,true
coarse,hybrid,100000,4,202,0,1536783,,,true
coarse,hybrid,100000,64,202,0,2384409,,,true
coarse,hybrid,100000,48,202,0,1947352,,,true
coarse,hybrid,100000,128,202,0,3510545,,,true
coarse,hybrid,100000,48,202,3,,0.002667,0.002667292,true
coarse,hybrid,100000,24,202,1,,0.002723,0.002723291,true
coarse,hybrid,100000,4,202,2,,0.002943,0.002954458,true
coarse,hybrid,100000,2,202,1,,0.003047,0.003047791,true
coarse,hybrid,100000,1,202,1,,0.003305,0.003309667,true
coarse,hybrid,100000,16,202,2,,0.002734,0.00273475,true
coarse,hybrid,100000,128,202,2,,0.002812,0.00282925,true
coarse,hybrid,100000,2,202,2,,0.003067,0.003067041,true
coarse,hybrid,100000,32,202,3,,0.002652,0.00265275,true
coarse,hybrid,100000,96,202,3,,0.002625,0.002637875,true
coarse,hybrid,100000,64,202,3,,0.002684,0.002684333,true
coarse,hybrid,100000,96,202,2,,0.002605,0.002604625,true
coarse,hybrid,100000,48,202,1,,0.002638,0.002638875,true
coarse,hybrid,100000,64,202,1,,0.002653,0.002663125,true
coarse,hybrid,100000,24,202,3,,0.002687,0.002687792,true
coarse,hybrid,100000,24,202,2,,0.002636,0.002635875,true
coarse,hybrid,100000,8,202,2,,0.00286,0.002859083,true
coarse,hybrid,100000,64,202,2,,0.002622,0.002634333,true
coarse,hybrid,100000,16,202,1,,0.002733,0.002733667,true
coarse,hybrid,100000,4,202,3,,0.003041,0.003062291,true
coarse,hybrid,100000,128,202,3,,0.002755,0.002758417,true
coarse,hybrid,100000,128,202,1,,0.002761,0.002762334,true
coarse,hybrid,100000,32,202,2,,0.002706,0.002706292,true
coarse,hybrid,100000,96,202,1,,0.00265,0.002650208,true
coarse,hybrid,100000,16,202,3,,0.002781,0.002793542,true
coarse,hybrid,100000,4,202,1,,0.003053,0.003082041,true
coarse,hybrid,100000,8,202,1,,0.002826,0.002825542,true
coarse,hybrid,100000,48,202,2,,0.002657,0.002664875,true
coarse,hybrid,100000,8,202,3,,0.002863,0.002871875,true
coarse,hybrid,100000,32,202,1,,0.002643,0.002643833,true
coarse,hybrid,100000,1,202,3,,0.003195,0.003196667,true
coarse,hybrid,100000,1,202,2,,0.003214,0.003214458,true
coarse,hybrid,100000,2,202,3,,0.003115,0.003114291,true
coarse,hybrid,10000000,128,303,0,367433645,,,true
coarse,hybrid,10000000,4,303,0,220220558,,,true
coarse,hybrid,10000000,8,303,0,221105775,,,true
coarse,hybrid,10000000,32,303,0,242302573,,,true
coarse,hybrid,10000000,2,303,0,220097831,,,true
coarse,hybrid,10000000,96,303,0,367433645,,,true
coarse,hybrid,10000000,16,303,0,226414073,,,true
coarse,hybrid,10000000,48,303,0,281264154,,,true
coarse,hybrid,10000000,1,303,0,220097831,,,true
coarse,hybrid,10000000,24,303,0,242302573,,,true
coarse,hybrid,10000000,64,303,0,281264154,,,true
coarse,hybrid,10000000,8,303,2,,0.402758,0.403432125,true
coarse,hybrid,10000000,128,303,2,,0.389035,0.389709041,true
coarse,hybrid,10000000,96,303,2,,0.389247,0.389879416,true
coarse,hybrid,10000000,2,303,2,,0.423309,0.424021375,true
coarse,hybrid,10000000,2,303,1,,0.42168,0.422316917,true
coarse,hybrid,10000000,96,303,3,,0.387975,0.388520583,true
coarse,hybrid,10000000,1,303,2,,0.447197,0.451190583,true
coarse,hybrid,10000000,16,303,1,,0.392328,0.392847375,true
coarse,hybrid,10000000,128,303,3,,0.387918,0.388417875,true
coarse,hybrid,10000000,32,303,1,,0.384589,0.385169625,true
coarse,hybrid,10000000,64,303,3,,0.381558,0.382170667,true
coarse,hybrid,10000000,48,303,1,,0.382507,0.383163375,true
coarse,hybrid,10000000,4,303,2,,0.412317,0.4129945,true
coarse,hybrid,10000000,96,303,1,,0.388745,0.389408542,true
coarse,hybrid,10000000,16,303,2,,0.392081,0.39261225,true
coarse,hybrid,10000000,24,303,3,,0.384851,0.385371167,true
coarse,hybrid,10000000,48,303,2,,0.383313,0.384413,true
coarse,hybrid,10000000,64,303,2,,0.380843,0.381438375,true
coarse,hybrid,10000000,1,303,1,,0.434525,0.435135834,true
coarse,hybrid,10000000,24,303,2,,0.395499,0.402323667,true
coarse,hybrid,10000000,64,303,1,,0.39551,0.399891916,true
coarse,hybrid,10000000,2,303,3,,0.423194,0.423847,true
coarse,hybrid,10000000,32,303,3,,0.38635,0.386979166,true
coarse,hybrid,10000000,8,303,1,,0.43117,0.448636334,true
coarse,hybrid,10000000,128,303,1,,0.39775,0.398759875,true
coarse,hybrid,10000000,48,303,3,,0.404901,0.410663958,true
coarse,hybrid,10000000,1,303,3,,0.453286,0.454302167,true
coarse,hybrid,10000000,4,303,3,,0.422935,0.423919583,true
coarse,hybrid,10000000,4,303,1,,0.435708,0.445717417,true
coarse,hybrid,10000000,8,303,3,,0.41306,0.4139135,true
coarse,hybrid,10000000,24,303,1,,0.404023,0.406619167,true
coarse,hybrid,10000000,32,303,2,,0.391949,0.392728833,true
coarse,hybrid,10000000,16,303,3,,0.418162,0.421393458,true
coarse,hybrid,100000,128,404,0,3508376,,,true
coarse,hybrid,100000,32,404,0,1861601,,,true
coarse,hybrid,100000,96,404,0,2379608,,,true
coarse,hybrid,100000,8,404,0,1556908,,,true
coarse,hybrid,100000,16,404,0,1638645,,,true
coarse,hybrid,100000,64,404,0,2379608,,,true
coarse,hybrid,100000,2,404,0,1536079,,,true
coarse,hybrid,100000,4,404,0,1536443,,,true
coarse,hybrid,100000,48,404,0,1947580,,,true
coarse,hybrid,100000,1,404,0,1536079,,,true
coarse,hybrid,100000,24,404,0,1764137,,,true
coarse,hybrid,100000,8,404,2,,0.002995,0.003,true
coarse,hybrid,100000,24,404,1,,0.002784,0.002784625,true
coarse,hybrid,100000,96,404,2,,0.002726,0.0027255,true
coarse,hybrid,100000,48,404,1,,0.002649,0.002649667,true
coarse,hybrid,100000,96,404,1,,0.002721,0.002734,true
coarse,hybrid,100000,64,404,1,,0.002836,0.002842042,true
coarse,hybrid,100000,4,404,2,,0.003051,0.003056666,true
coarse,hybrid,100000,16,404,2,,0.002842,0.002849042,true
coarse,hybrid,100000,32,404,3,,0.002865,0.002870208,true
coarse,hybrid,100000,8,404,3,,0.002904,0.002904416,true
coarse,hybrid,100000,128,404,1,,0.003088,0.003103542,true
coarse,hybrid,100000,16,404,1,,0.002956,0.002975584,true
coarse,hybrid,100000,2,404,1,,0.003225,0.003228667,true
coarse,hybrid,100000,96,404,3,,0.002822,0.002826125,true
coarse,hybrid,100000,8,404,1,,0.002975,0.002997166,true
coarse,hybrid,100000,24,404,3,,0.002776,0.002776917,true
coarse,hybrid,100000,1,404,2,,0.003393,0.003396667,true
coarse,hybrid,100000,24,404,2,,0.002775,0.002782625,true
coarse,hybrid,100000,4,404,3,,0.003144,0.003143917,true
coarse,hybrid,100000,64,404,2,,0.002814,0.002843167,true
coarse,hybrid,100000,16,404,3,,0.002796,0.002796333,true
coarse,hybrid,100000,32,404,2,,0.002783,0.00278525,true
coarse,hybrid,100000,48,404,3,,0.002816,0.002830333,true
coarse,hybrid,100000,1,404,3,,0.003258,0.003259,true
coarse,hybrid,100000,128,404,2,,0.003125,0.003181458,true
coarse,hybrid,100000,4,404,1,,0.003092,0.003101792,true
coarse,hybrid,100000,128,404,3,,0.002955,0.003007667,true
coarse,hybrid,100000,2,404,2,,0.003204,0.003203917,true
coarse,hybrid,100000,1,404,1,,0.003348,0.003348417,true
coarse,hybrid,100000,64,404,3,,0.002808,0.002830542,true
coarse,hybrid,100000,32,404,1,,0.002774,0.002773791,true
coarse,hybrid,100000,2,404,3,,0.003199,0.003199875,true
coarse,hybrid,100000,48,404,2,,0.002821,0.002827375,true
coarse,hybrid,10000,128,303,0,273705,,,true
coarse,hybrid,10000,32,303,0,143742,,,true
coarse,hybrid,10000,16,303,0,127269,,,true
coarse,hybrid,10000,8,303,0,121443,,,true
coarse,hybrid,10000,96,303,0,273705,,,true
coarse,hybrid,10000,1,303,0,120395,,,true
coarse,hybrid,10000,24,303,0,143742,,,true
coarse,hybrid,10000,2,303,0,120395,,,true
coarse,hybrid,10000,4,303,0,120428,,,true
coarse,hybrid,10000,48,303,0,184770,,,true
coarse,hybrid,10000,64,303,0,184770,,,true
coarse,hybrid,10000,2,303,3,,0.000275,0.000275042,true
coarse,hybrid,10000,32,303,3,,0.000217,0.000217875,true
coarse,hybrid,10000,64,303,1,,0.000211,0.000212041,true
coarse,hybrid,10000,4,303,3,,0.000266,0.00026675,true
coarse,hybrid,10000,2,303,2,,0.000255,0.000254625,true
coarse,hybrid,10000,24,303,2,,0.000231,0.000230791,true
coarse,hybrid,10000,4,303,2,,0.000242,0.000242,true
coarse,hybrid,10000,2,303,1,,0.000251,0.000251792,true
coarse,hybrid,10000,1,303,2,,0.000284,0.000284166,true
coarse,hybrid,10000,96,303,2,,0.00022,0.000220959,true
coarse,hybrid,10000,64,303,2,,0.000224,0.000223625,true
coarse,hybrid,10000,16,303,2,,0.000231,0.000231292,true
coarse,hybrid,10000,16,303,1,,0.000197,0.00019725,true
coarse,hybrid,10000,128,303,2,,0.000231,0.000231458,true
coarse,hybrid,10000,32,303,2,,0.000197,0.000197625,true
coarse,hybrid,10000,1,303,1,,0.000273,0.000273667,true
coarse,hybrid,10000,8,303,1,,0.000267,0.000266875,true
coarse,hybrid,10000,128,303,1,,0.000229,0.000229333,true
coarse,hybrid,10000,24,303,1,,0.000202,0.000202542,true
coarse,hybrid,10000,48,303,1,,0.000198,0.0001985,true
coarse,hybrid,10000,96,303,1,,0.00021,0.00021,true
coarse,hybrid,10000,64,303,3,,0.000206,0.000209417,true
coarse,hybrid,10000,48,303,2,,0.000211,0.000212167,true
coarse,hybrid,10000,8,303,3,,0.000246,0.000244875,true
coarse,hybrid,10000,24,303,3,,0.000223,0.000223958,true
coarse,hybrid,10000,96,303,3,,0.000248,0.000247916,true
coarse,hybrid,10000,128,303,3,,0.000236,0.000242291,true
coarse,hybrid,10000,48,303,3,,0.000222,0.000226292,true
coarse,hybrid,10000,4,303,1,,0.000267,0.000267292,true
coarse,hybrid,10000,32,303,1,,0.000228,0.000228375,true
coarse,hybrid,10000,8,303,2,,0.000232,0.000233166,true
coarse,hybrid,10000,16,303,3,,0.000233,0.000232625,true
coarse,hybrid,10000,1,303,3,,0.000287,0.00028675,true
coarse,hybrid,100000,96,505,0,2381725,,,true
coarse,hybrid,100000,16,505,0,1639375,,,true
coarse,hybrid,100000,4,505,0,1536837,,,true
coarse,hybrid,100000,128,505,0,3496694,,,true
coarse,hybrid,100000,64,505,0,2381725,,,true
coarse,hybrid,100000,24,505,0,1764928,,,true
coarse,hybrid,100000,32,505,0,1861310,,,true
coarse,hybrid,100000,8,505,0,1558089,,,true
coarse,hybrid,100000,48,505,0,1948332,,,true
coarse,hybrid,100000,2,505,0,1536310,,,true
coarse,hybrid,100000,1,505,0,1536310,,,true
coarse,hybrid,100000,24,505,2,,0.002774,0.002775208,true
coarse,hybrid,100000,2,505,3,,0.003156,0.003157292,true
coarse,hybrid,100000,64,505,3,,0.002802,0.00281525,true
coarse,hybrid,100000,2,505,1,,0.003188,0.003196541,true
coarse,hybrid,100000,16,505,1,,0.002849,0.002859958,true
coarse,hybrid,100000,64,505,2,,0.002844,0.002847875,true
coarse,hybrid,100000,4,505,1,,0.003085,0.003093875,true
coarse,hybrid,100000,8,505,1,,0.003003,0.003007125,true
coarse,hybrid,100000,1,505,2,,0.00338,0.0034065,true
coarse,hybrid,100000,32,505,3,,0.002699,0.002706542,true
coarse,hybrid,100000,48,505,2,,0.002824,0.002826916,true
coarse,hybrid,100000,64,505,1,,0.002707,0.002706791,true
coarse,hybrid,100000,96,505,2,,0.002626,0.002627209,true
coarse,hybrid,100000,24,505,1,,0.002755,0.002762167,true
coarse,hybrid,100000,128,505,3,,0.002811,0.002811542,true
coarse,hybrid,100000,48,505,3,,0.002659,0.00265925,true
coarse,hybrid,100000,48,505,1,,0.00278,0.002792291,true
coarse,hybrid,100000,1,505,1,,0.003266,0.003275,true
coarse,hybrid,100000,128,505,1,,0.002898,0.002897917,true
coarse,hybrid,100000,128,505,2,,0.002893,0.002893667,true
coarse,hybrid,100000,32,505,1,,0.002729,0.002736834,true
coarse,hybrid,100000,2,505,2,,0.003122,0.003123208,true
coarse,hybrid,100000,16,505,2,,0.002776,0.00277675,true
coarse,hybrid,100000,8,505,3,,0.002893,0.00289325,true
coarse,hybrid,100000,24,505,3,,0.002752,0.002752459,true
coarse,hybrid,100000,8,505,2,,0.002945,0.002946375,true
coarse,hybrid,100000,4,505,3,,0.003013,0.003013708,true
coarse,hybrid,100000,16,505,3,,0.002861,0.002870333,true
coarse,hybrid,100000,96,505,1,,0.002684,0.002684666,true
coarse,hybrid,100000,1,505,3,,0.003334,0.003335209,true
coarse,hybrid,100000,32,505,2,,0.002811,0.002830958,true
coarse,hybrid,100000,96,505,3,,0.002694,0.002700084,true
coarse,hybrid,100000,4,505,2,,0.002918,0.002918625,true
coarse,hybrid,1000000,1,404,0,18674305,,,true
coarse,hybrid,1000000,16,404,0,20224547,,,true
coarse,hybrid,1000000,32,404,0,23185945,,,true
coarse,hybrid,1000000,8,404,0,19072701,,,true
coarse,hybrid,1000000,128,404,0,44231014,,,true
coarse,hybrid,1000000,96,404,0,29899723,,,true
coarse,hybrid,1000000,24,404,0,20224547,,,true
coarse,hybrid,1000000,64,404,0,29899723,,,true
coarse,hybrid,1000000,4,404,0,18727702,,,true
coarse,hybrid,1000000,48,404,0,23185945,,,true
coarse,hybrid,1000000,2,404,0,18674305,,,true
coarse,hybrid,1000000,64,404,2,,0.033675,0.033705416,true
coarse,hybrid,1000000,96,404,1,,0.03382,0.033922708,true
coarse,hybrid,1000000,48,404,1,,0.033798,0.033949208,true
coarse,hybrid,1000000,128,404,2,,0.035461,0.035506,true
coarse,hybrid,1000000,8,404,3,,0.034325,0.034382875,true
coarse,hybrid,1000000,24,404,3,,0.033687,0.033734042,true
coarse,hybrid,1000000,64,404,3,,0.032995,0.033016166,true
coarse,hybrid,1000000,96,404,2,,0.033174,0.033201208,true
coarse,hybrid,1000000,16,404,1,,0.034273,0.034470958,true
coarse,hybrid,1000000,2,404,2,,0.038914,0.039366958,true
coarse,hybrid,1000000,24,404,2,,0.034778,0.035165416,true
coarse,hybrid,1000000,32,404,3,,0.033807,0.034132833,true
coarse,hybrid,1000000,32,404,2,,0.033546,0.033755208,true
coarse,hybrid,1000000,1,404,1,,0.039721,0.039879958,true
coarse,hybrid,1000000,2,404,3,,0.03782,0.037948625,true
coarse,hybrid,1000000,64,404,1,,0.033396,0.033523708,true
coarse,hybrid,1000000,4,404,1,,0.036602,0.036759917,true
coarse,hybrid,1000000,8,404,2,,0.03556,0.035908875,true
coarse,hybrid,1000000,4,404,3,,0.037585,0.038132875,true
coarse,hybrid,1000000,32,404,1,,0.034315,0.034847375,true
coarse,hybrid,1000000,16,404,2,,0.035576,0.036339166,true
coarse,hybrid,1000000,16,404,3,,0.036231,0.03706275,true
coarse,hybrid,1000000,128,404,1,,0.037489,0.038012333,true
coarse,hybrid,1000000,8,404,1,,0.035759,0.036043708,true
coarse,hybrid,1000000,48,404,3,,0.033629,0.03383675,true
coarse,hybrid,1000000,4,404,2,,0.036958,0.037489792,true
coarse,hybrid,1000000,96,404,3,,0.035009,0.03575525,true
coarse,hybrid,1000000,1,404,2,,0.040424,0.041098,true
coarse,hybrid,1000000,128,404,3,,0.036631,0.036987542,true
coarse,hybrid,1000000,2,404,1,,0.038939,0.03928825,true
coarse,hybrid,1000000,48,404,2,,0.0342,0.034586875,true
coarse,hybrid,1000000,1,404,3,,0.040369,0.041197625,true
coarse,hybrid,1000000,24,404,1,,0.034885,0.03522575,true
coarse,hybrid,10000000,8,404,0,221109561,,,true
coarse,hybrid,10000000,128,404,0,367352718,,,true
coarse,hybrid,10000000,16,404,0,226413209,,,true
coarse,hybrid,10000000,32,404,0,242304980,,,true
coarse,hybrid,10000000,1,404,0,220102816,,,true
coarse,hybrid,10000000,24,404,0,242304980,,,true
coarse,hybrid,10000000,4,404,0,220224136,,,true
coarse,hybrid,10000000,96,404,0,367352718,,,true
coarse,hybrid,10000000,2,404,0,220102816,,,true
coarse,hybrid,10000000,64,404,0,281256968,,,true
coarse,hybrid,10000000,48,404,0,281256968,,,true
coarse,hybrid,10000000,2,404,1,,0.454662,0.456850875,true
coarse,hybrid,10000000,8,404,1,,0.449856,0.458959959,true
coarse,hybrid,10000000,4,404,3,,0.455136,0.465257708,true
coarse,hybrid,10000000,8,404,3,,0.440769,0.444836208,true
coarse,hybrid,10000000,8,404,2,,0.447878,0.494284375,true
coarse,hybrid,10000000,96,404,2,,0.429361,0.435067125,true
coarse,hybrid,10000000,1,404,3,,0.476774,0.482026208,true
coarse,hybrid,10000000,32,404,2,,0.424453,0.43269725,true
coarse,hybrid,10000000,128,404,2,,0.424802,0.429554541,true
coarse,hybrid,10000000,24,404,2,,0.420207,0.424609208,true
coarse,hybrid,10000000,24,404,1,,0.423386,0.430801,true
coarse,hybrid,10000000,24,404,3,,0.41574,0.417781625,true
coarse,hybrid,10000000,4,404,2,,0.446671,0.451529959,true
coarse,hybrid,10000000,16,404,1,,0.423557,0.425105125,true
coarse,hybrid,10000000,64,404,2,,0.409304,0.411239208,true
coarse,hybrid,10000000,128,404,3,,0.418578,0.420747291,true
coarse,hybrid,10000000,48,404,3,,0.414625,0.419011041,true
coarse,hybrid,10000000,128,404,1,,0.41731,0.419404292,true
coarse,hybrid,10000000,2,404,2,,0.45572,0.458799291,true
coarse,hybrid,10000000,96,404,1,,0.422954,0.426001708,true
coarse,hybrid,10000000,64,404,1,,0.413725,0.417837,true
coarse,hybrid,10000000,96,404,3,,0.426647,0.43277375,true
coarse,hybrid,10000000,1,404,2,,0.472006,0.475728417,true
coarse,hybrid,10000000,2,404,3,,0.462376,0.467698125,true
coarse,hybrid,10000000,32,404,3,,0.417377,0.419653792,true
coarse,hybrid,10000000,1,404,1,,0.474467,0.4812465,true
coarse,hybrid,10000000,64,404,3,,0.401037,0.403343291,true
coarse,hybrid,10000000,16,404,2,,0.41632,0.419292208,true
coarse,hybrid,10000000,48,404,1,,0.410578,0.413554625,true
coarse,hybrid,10000000,32,404,1,,0.412314,0.41565175,true
coarse,hybrid,10000000,48,404,2,,0.406691,0.411206375,true
coarse,hybrid,10000000,16,404,3,,0.40146,0.401754542,true
coarse,hybrid,10000000,4,404,1,,0.426385,0.427162041,true
coarse,hybrid,10000,128,202,0,271637,,,true
coarse,hybrid,10000,16,202,0,127059,,,true
coarse,hybrid,10000,8,202,0,121566,,,true
coarse,hybrid,10000,32,202,0,143335,,,true
coarse,hybrid,10000,48,202,0,183343,,,true
coarse,hybrid,10000,1,202,0,120484,,,true
coarse,hybrid,10000,4,202,0,120537,,,true
coarse,hybrid,10000,96,202,0,271637,,,true
coarse,hybrid,10000,64,202,0,183343,,,true
coarse,hybrid,10000,2,202,0,120484,,,true
coarse,hybrid,10000,24,202,0,143335,,,true
coarse,hybrid,10000,96,202,1,,0.000221,0.0002215,true
coarse,hybrid,10000,2,202,2,,0.00027,0.000269083,true
coarse,hybrid,10000,4,202,1,,0.000246,0.000245916,true
coarse,hybrid,10000,96,202,3,,0.000228,0.0002285,true
coarse,hybrid,10000,64,202,3,,0.000211,0.000210584,true
coarse,hybrid,10000,4,202,3,,0.000238,0.000238333,true
coarse,hybrid,10000,8,202,2,,0.000241,0.000241916,true
coarse,hybrid,10000,8,202,1,,0.000209,0.00020875,true
coarse,hybrid,10000,16,202,1,,0.000236,0.000235833,true
coarse,hybrid,10000,16,202,3,,0.000203,0.000202458,true
coarse,hybrid,10000,24,202,2,,0.000223,0.000222666,true
coarse,hybrid,10000,128,202,3,,0.000211,0.000211791,true
coarse,hybrid,10000,32,202,1,,0.000215,0.000215041,true
coarse,hybrid,10000,8,202,3,,0.000205,0.000205542,true
coarse,hybrid,10000,1,202,2,,0.00028,0.00028025,true
coarse,hybrid,10000,128,202,1,,0.000215,0.00021575,true
coarse,hybrid,10000,1,202,3,,0.00027,0.0002705,true
coarse,hybrid,10000,96,202,2,,0.000213,0.000212166,true
coarse,hybrid,10000,64,202,2,,0.00021,0.000210291,true
coarse,hybrid,10000,16,202,2,,0.000214,0.000214833,true
coarse,hybrid,10000,64,202,1,,0.000207,0.000207666,true
coarse,hybrid,10000,128,202,2,,0.000213,0.0002135,true
coarse,hybrid,10000,32,202,2,,0.000212,0.000212625,true
coarse,hybrid,10000,24,202,1,,0.000199,0.000198708,true
coarse,hybrid,10000,1,202,1,,0.000266,0.000267083,true
coarse,hybrid,10000,2,202,3,,0.000265,0.0002655,true
coarse,hybrid,10000,4,202,2,,0.00027,0.000270209,true
coarse,hybrid,10000,48,202,3,,0.000202,0.000202333,true
coarse,hybrid,10000,32,202,3,,0.000195,0.000196375,true
coarse,hybrid,10000,48,202,1,,0.000198,0.000198542,true
coarse,hybrid,10000,48,202,2,,0.000195,0.000193958,true
coarse,hybrid,10000,24,202,3,,0.000192,0.000192542,true
coarse,hybrid,10000,2,202,1,,0.000257,0.000257083,true
coarse,hybrid,10000000,2,505,0,220098911,,,true
coarse,hybrid,10000000,8,505,0,221106273,,,true
coarse,hybrid,10000000,1,505,0,220098911,,,true
coarse,hybrid,10000000,128,505,0,367276107,,,true
coarse,hybrid,10000000,16,505,0,226408598,,,true
coarse,hybrid,10000000,32,505,0,242308363,,,true
coarse,hybrid,10000000,24,505,0,242308363,,,true
coarse,hybrid,10000000,64,505,0,281221895,,,true
coarse,hybrid,10000000,96,505,0,367276107,,,true
coarse,hybrid,10000000,4,505,0,220218733,,,true
coarse,hybrid,10000000,48,505,0,281221895,,,true
coarse,hybrid,10000000,64,505,3,,0.385584,0.386132125,true
coarse,hybrid,10000000,48,505,2,,0.385414,0.386004166,true
coarse,hybrid,10000000,128,505,1,,0.393296,0.39390575,true
coarse,hybrid,10000000,32,505,2,,0.400826,0.403787166,true
coarse,hybrid,10000000,48,505,3,,0.385422,0.385750791,true
coarse,hybrid,10000000,2,505,3,,0.428416,0.428838916,true
coarse,hybrid,10000000,16,505,3,,0.395452,0.395795959,true
coarse,hybrid,10000000,2,505,2,,0.428295,0.4286875,true
coarse,hybrid,10000000,1,505,3,,0.442835,0.443210042,true
coarse,hybrid,10000000,32,505,1,,0.386678,0.387012084,true
coarse,hybrid,10000000,16,505,2,,0.396142,0.39672925,true
coarse,hybrid,10000000,24,505,1,,0.387663,0.388258625,true
coarse,hybrid,10000000,96,505,3,,0.393236,0.393756167,true
coarse,hybrid,10000000,24,505,3,,0.387877,0.388216792,true
coarse,hybrid,10000000,48,505,1,,0.384971,0.3852445,true
coarse,hybrid,10000000,4,505,2,,0.415603,0.415944833,true
coarse,hybrid,10000000,128,505,3,,0.390094,0.390518542,true
coarse,hybrid,10000000,8,505,3,,0.405445,0.405848792,true
coarse,hybrid,10000000,64,505,2,,0.382531,0.382868333,true
coarse,hybrid,10000000,4,505,3,,0.417168,0.417516333,true
coarse,hybrid,10000000,2,505,1,,0.428593,0.429132709,true
coarse,hybrid,10000000,96,505,1,,0.391835,0.392493291,true
coarse,hybrid,10000000,1,505,2,,0.441838,0.442481041,true
coarse,hybrid,10000000,24,505,2,,0.385406,0.385736958,true
coarse,hybrid,10000000,16,505,1,,0.393804,0.394129208,true
coarse,hybrid,10000000,4,505,1,,0.415321,0.415650458,true
coarse,hybrid,10000000,128,505,2,,0.409662,0.420596625,true
coarse,hybrid,10000000,8,505,2,,0.406996,0.407486084,true
coarse,hybrid,10000000,8,505,1,,0.406321,0.406895542,true
coarse,hybrid,10000000,64,505,1,,0.38326,0.383636833,true
coarse,hybrid,10000000,1,505,1,,0.441778,0.442506875,true
coarse,hybrid,10000000,32,505,3,,0.388267,0.388943417,true
coarse,hybrid,10000000,96,505,2,,0.393868,0.394451417,true
coarse,hybrid,1000000,64,505,0,29887174,,,true
coarse,hybrid,1000000,16,505,0,20222082,,,true
coarse,hybrid,1000000,48,505,0,23189085,,,true
coarse,hybrid,1000000,96,505,0,29887174,,,true
coarse,hybrid,1000000,128,505,0,44204881,,,true
coarse,hybrid,1000000,4,505,0,18727490,,,true
coarse,hybrid,1000000,1,505,0,18674224,,,true
coarse,hybrid,1000000,32,505,0,23189085,,,true
coarse,hybrid,1000000,2,505,0,18674224,,,true
coarse,hybrid,1000000,24,505,0,20222082,,,true
coarse,hybrid,1000000,8,505,0,19073395,,,true
coarse,hybrid,1000000,16,505,1,,0.033318,0.033349959,true
coarse,hybrid,1000000,8,505,3,,0.034589,0.034612083,true
coarse,hybrid,1000000,2,505,1,,0.037209,0.037240833,true
coarse,hybrid,1000000,32,505,3,,0.032674,0.032682375,true
coarse,hybrid,1000000,48,505,1,,0.032476,0.032511791,true
coarse,hybrid,1000000,96,505,3,,0.033063,0.033097792,true
coarse,hybrid,1000000,24,505,3,,0.033184,0.033229,true
coarse,hybrid,1000000,24,505,1,,0.033502,0.033534625,true
coarse,hybrid,1000000,4,505,1,,0.035239,0.035270292,true
coarse,hybrid,1000000,1,505,3,,0.038849,0.038909916,true
coarse,hybrid,1000000,2,505,3,,0.037102,0.037119541,true
coarse,hybrid,1000000,32,505,1,,0.032517,0.032560458,true
coarse,hybrid,1000000,32,505,2,,0.033037,0.033056084,true
coarse,hybrid,1000000,48,505,3,,0.032915,0.032941125,true
coarse,hybrid,1000000,64,505,2,,0.032902,0.032917833,true
coarse,hybrid,1000000,8,505,2,,0.034482,0.034508458,true
coarse,hybrid,1000000,64,505,3,,0.032942,0.0329775,true
coarse,hybrid,1000000,1,505,1,,0.03848,0.038528041,true
coarse,hybrid,1000000,48,505,2,,0.032449,0.032482625,true
coarse,hybrid,1000000,24,505,2,,0.033265,0.033308584,true
coarse,hybrid,1000000,16,505,2,,0.033445,0.033453542,true
coarse,hybrid,1000000,128,505,2,,0.035419,0.035449417,true
coarse,hybrid,1000000,16,505,3,,0.033517,0.033538208,true
coarse,hybrid,1000000,4,505,3,,0.035686,0.035730125,true
coarse,hybrid,1000000,1,505,2,,0.038612,0.038671667,true
coarse,hybrid,1000000,8,505,1,,0.03434,0.034361292,true
coarse,hybrid,1000000,96,505,2,,0.032886,0.032900542,true
coarse,hybrid,1000000,128,505,1,,0.035359,0.035402084,true
coarse,hybrid,1000000,64,505,1,,0.032965,0.033001875,true
coarse,hybrid,1000000,4,505,2,,0.035659,0.035695209,true
coarse,hybrid,1000000,128,505,3,,0.035253,0.035277416,true
coarse,hybrid,1000000,2,505,2,,0.036854,0.036890916,true
coarse,hybrid,1000000,96,505,1,,0.032918,0.032939541,true
coarse,hybrid,100000,1,101,0,1536583,,,true
coarse,hybrid,100000,4,101,0,1536899,,,true
coarse,hybrid,100000,16,101,0,1639642,,,true
coarse,hybrid,100000,64,101,0,2384240,,,true
coarse,hybrid,100000,24,101,0,1765863,,,true
coarse,hybrid,100000,2,101,0,1536583,,,true
coarse,hybrid,100000,96,101,0,2384240,,,true
coarse,hybrid,100000,32,101,0,1863365,,,true
coarse,hybrid,100000,128,101,0,3519003,,,true
coarse,hybrid,100000,8,101,0,1557736,,,true
coarse,hybrid,100000,48,101,0,1949962,,,true
coarse,hybrid,100000,2,101,1,,0.003232,0.003234583,true
coarse,hybrid,100000,8,101,2,,0.002944,0.002946916,true
coarse,hybrid,100000,32,101,3,,0.002774,0.002774959,true
coarse,hybrid,100000,1,101,3,,0.003285,0.0032935,true
coarse,hybrid,100000,8,101,3,,0.002898,0.002901541,true
coarse,hybrid,100000,96,101,1,,0.002725,0.002724667,true
coarse,hybrid,100000,32,101,1,,0.002748,0.002756083,true
coarse,hybrid,100000,4,101,2,,0.002928,0.002928875,true
coarse,hybrid,100000,24,101,3,,0.002673,0.002673125,true
coarse,hybrid,100000,2,101,3,,0.003157,0.003164292,true
coarse,hybrid,100000,16,101,2,,0.002759,0.002762,true
coarse,hybrid,100000,64,101,3,,0.002662,0.002664291,true
coarse,hybrid,100000,24,101,2,,0.002707,0.002707125,true
coarse,hybrid,100000,128,101,2,,0.002837,0.002840417,true
coarse,hybrid,100000,48,101,1,,0.002691,0.002694083,true
coarse,hybrid,100000,1,101,2,,0.003332,0.003332833,true
coarse,hybrid,100000,4,101,1,,0.003018,0.003025959,true
coarse,hybrid,100000,16,101,3,,0.002734,0.002736792,true
coarse,hybrid,100000,48,101,3,,0.002748,0.002763791,true
coarse,hybrid,100000,4,101,3,,0.003008,0.0030075,true
coarse,hybrid,100000,1,101,1,,0.003318,0.003319125,true
coarse,hybrid,100000,24,101,1,,0.002816,0.002816,true
coarse,hybrid,100000,16,101,1,,0.002819,0.002819458,true
coarse,hybrid,100000,64,101,2,,0.00278,0.002791583,true
coarse,hybrid,100000,64,101,1,,0.002661,0.002665125,true
coarse,hybrid,100000,96,101,3,,0.002612,0.002612625,true
coarse,hybrid,100000,96,101,2,,0.002603,0.002606958,true
coarse,hybrid,100000,128,101,3,,0.002808,0.002822333,true
coarse,hybrid,100000,128,101,1,,0.002806,0.002805375,true
coarse,hybrid,100000,32,101,2,,0.002686,0.002688792,true
coarse,hybrid,100000,8,101,1,,0.002849,0.002855209,true
coarse,hybrid,100000,2,101,2,,0.003026,0.003032958,true
coarse,hybrid,100000,48,101,2,,0.002648,0.002652041,true
coarse,hybrid,10000,4,505,0,120442,,,true
coarse,hybrid,10000,16,505,0,127049,,,true
coarse,hybrid,10000,8,505,0,121476,,,true
coarse,hybrid,10000,48,505,0,183477,,,true
coarse,hybrid,10000,2,505,0,120384,,,true
coarse,hybrid,10000,96,505,0,273217,,,true
coarse,hybrid,10000,1,505,0,120384,,,true
coarse,hybrid,10000,64,505,0,183477,,,true
coarse,hybrid,10000,128,505,0,273217,,,true
coarse,hybrid,10000,32,505,0,143675,,,true
coarse,hybrid,10000,24,505,0,143675,,,true
coarse,hybrid,10000,1,505,3,,0.000271,0.000271292,true
coarse,hybrid,10000,96,505,2,,0.00022,0.000221709,true
coarse,hybrid,10000,48,505,1,,0.000197,0.000197,true
coarse,hybrid,10000,16,505,1,,0.000218,0.00021875,true
coarse,hybrid,10000,4,505,3,,0.000239,0.000239292,true
coarse,hybrid,10000,64,505,1,,0.000202,0.000202792,true
coarse,hybrid,10000,24,505,2,,0.00021,0.000211,true
coarse,hybrid,10000,128,505,1,,0.000208,0.000208459,true
coarse,hybrid,10000,1,505,2,,0.000268,0.000273334,true
coarse,hybrid,10000,4,505,1,,0.000231,0.000231666,true
coarse,hybrid,10000,8,505,2,,0.00024,0.000239875,true
coarse,hybrid,10000,4,505,2,,0.000217,0.00021675,true
coarse,hybrid,10000,96,505,1,,0.000219,0.00022,true
coarse,hybrid,10000,2,505,2,,0.000251,0.000251667,true
coarse,hybrid,10000,48,505,3,,0.000204,0.000206625,true
coarse,hybrid,10000,32,505,1,,0.000211,0.000212334,true
coarse,hybrid,10000,128,505,2,,0.0002,0.000202333,true
coarse,hybrid,10000,24,505,3,,0.000191,0.000192167,true
coarse,hybrid,10000,64,505,3,,0.000187,0.000186666,true
coarse,hybrid,10000,24,505,1,,0.000195,0.000195083,true
coarse,hybrid,10000,2,505,1,,0.000241,0.000241417,true
coarse,hybrid,10000,32,505,2,,0.000189,0.000189166,true
coarse,hybrid,10000,32,505,3,,0.000185,0.000184291,true
coarse,hybrid,10000,48,505,2,,0.000185,0.000185833,true
coarse,hybrid,10000,8,505,3,,0.000233,0.000233,true
coarse,hybrid,10000,2,505,3,,0.000236,0.000236917,true
coarse,hybrid,10000,64,505,2,,0.000205,0.000205583,true
coarse,hybrid,10000,16,505,2,,0.000234,0.000234625,true
coarse,hybrid,10000,16,505,3,,0.000202,0.0002025,true
coarse,hybrid,10000,1,505,1,,0.000265,0.000268042,true
coarse,hybrid,10000,128,505,3,,0.000218,0.00021875,true
coarse,hybrid,10000,8,505,1,,0.000223,0.000225292,true
coarse,hybrid,10000,96,505,3,,0.000204,0.000204875,true
coarse,hybrid,1000000,64,303,0,29898715,,,true
coarse,hybrid,1000000,1,303,0,18674668,,,true
coarse,hybrid,1000000,8,303,0,19073754,,,true
coarse,hybrid,1000000,2,303,0,18674668,,,true
coarse,hybrid,1000000,24,303,0,20226610,,,true
coarse,hybrid,1000000,128,303,0,44191174,,,true
coarse,hybrid,1000000,4,303,0,18728233,,,true
coarse,hybrid,1000000,96,303,0,29898715,,,true
coarse,hybrid,1000000,32,303,0,23191162,,,true
coarse,hybrid,1000000,48,303,0,23191162,,,true
coarse,hybrid,1000000,16,303,0,20226610,,,true
coarse,hybrid,1000000,48,303,2,,0.03274,0.032800834,true
coarse,hybrid,1000000,1,303,1,,0.039194,0.039239792,true
coarse,hybrid,1000000,8,303,3,,0.034542,0.034588583,true
coarse,hybrid,1000000,48,303,3,,0.03288,0.032936292,true
coarse,hybrid,1000000,64,303,1,,0.032923,0.032994583,true
coarse,hybrid,1000000,24,303,3,,0.033248,0.033287334,true
coarse,hybrid,1000000,32,303,2,,0.03268,0.032730167,true
coarse,hybrid,1000000,4,303,1,,0.035523,0.035590042,true
coarse,hybrid,1000000,96,303,1,,0.033039,0.03306875,true
coarse,hybrid,1000000,96,303,3,,0.032913,0.032966625,true
coarse,hybrid,1000000,32,303,1,,0.032462,0.032511417,true
coarse,hybrid,1000000,8,303,2,,0.034431,0.034482667,true
coarse,hybrid,1000000,128,303,1,,0.035146,0.035192834,true
coarse,hybrid,1000000,32,303,3,,0.032513,0.032571375,true
coarse,hybrid,1000000,4,303,3,,0.035714,0.035787084,true
coarse,hybrid,1000000,16,303,1,,0.033429,0.033481625,true
coarse,hybrid,1000000,1,303,3,,0.038809,0.038890958,true
coarse,hybrid,1000000,16,303,2,,0.033527,0.033577125,true
coarse,hybrid,1000000,128,303,2,,0.035316,0.035398542,true
coarse,hybrid,1000000,48,303,1,,0.032598,0.03263725,true
coarse,hybrid,1000000,2,303,2,,0.037289,0.037336583,true
coarse,hybrid,1000000,16,303,3,,0.033406,0.033444291,true
coarse,hybrid,1000000,96,303,2,,0.033037,0.03306175,true
coarse,hybrid,1000000,64,303,2,,0.033149,0.033221,true
coarse,hybrid,1000000,2,303,3,,0.03685,0.036898417,true
coarse,hybrid,1000000,2,303,1,,0.037269,0.037293333,true
coarse,hybrid,1000000,8,303,1,,0.034432,0.034470375,true
coarse,hybrid,1000000,24,303,1,,0.033118,0.03315675,true
coarse,hybrid,1000000,24,303,2,,0.033264,0.033280917,true
coarse,hybrid,1000000,4,303,2,,0.035456,0.035487291,true
coarse,hybrid,1000000,64,303,3,,0.03288,0.032911584,true
coarse,hybrid,1000000,1,303,2,,0.038613,0.038649208,true
coarse,hybrid,1000000,128,303,3,,0.035221,0.0352405,true
refine,hybrid,10000000,88,303,0,367433645,,,true
refine,hybrid,10000000,73,303,0,281264154,,,true
refine,hybrid,10000000,67,303,0,281264154,,,true
refine,hybrid,10000000,72,303,0,281264154,,,true
refine,hybrid,10000000,65,303,0,281264154,,,true
refine,hybrid,10000000,78,303,0,367433645,,,true
refine,hybrid,10000000,52,303,0,281264154,,,true
refine,hybrid,10000000,79,303,0,367433645,,,true
refine,hybrid,10000000,63,303,0,281264154,,,true
refine,hybrid,10000000,70,303,0,281264154,,,true
refine,hybrid,10000000,68,303,0,281264154,,,true
refine,hybrid,10000000,86,303,0,367433645,,,true
refine,hybrid,10000000,66,303,0,281264154,,,true
refine,hybrid,10000000,75,303,0,281264154,,,true
refine,hybrid,10000000,50,303,0,281264154,,,true
refine,hybrid,10000000,76,303,0,341595427,,,true
refine,hybrid,10000000,80,303,0,367433645,,,true
refine,hybrid,10000000,60,303,0,281264154,,,true
refine,hybrid,10000000,61,303,0,281264154,,,true
refine,hybrid,10000000,56,303,0,281264154,,,true
refine,hybrid,10000000,85,303,0,367433645,,,true
refine,hybrid,10000000,93,303,0,367433645,,,true
refine,hybrid,10000000,51,303,0,281264154,,,true
refine,hybrid,10000000,87,303,0,367433645,,,true
refine,hybrid,10000000,49,303,0,281264154,,,true
refine,hybrid,10000000,89,303,0,367433645,,,true
refine,hybrid,10000000,74,303,0,281264154,,,true
refine,hybrid,10000000,91,303,0,367433645,,,true
refine,hybrid,10000000,82,303,0,367433645,,,true
refine,hybrid,10000000,94,303,0,367433645,,,true
refine,hybrid,10000000,53,303,0,281264154,,,true
refine,hybrid,10000000,58,303,0,281264154,,,true
refine,hybrid,10000000,71,303,0,281264154,,,true
refine,hybrid,10000000,83,303,0,367433645,,,true
refine,hybrid,10000000,69,303,0,281264154,,,true
refine,hybrid,10000000,57,303,0,281264154,,,true
refine,hybrid,10000000,54,303,0,281264154,,,true
refine,hybrid,10000000,84,303,0,367433645,,,true
refine,hybrid,10000000,59,303,0,281264154,,,true
refine,hybrid,10000000,55,303,0,281264154,,,true
refine,hybrid,10000000,95,303,0,367433645,,,true
refine,hybrid,10000000,62,303,0,281264154,,,true
refine,hybrid,10000000,77,303,0,367433645,,,true
refine,hybrid,10000000,81,303,0,367433645,,,true
refine,hybrid,10000000,92,303,0,367433645,,,true
refine,hybrid,10000000,90,303,0,367433645,,,true
refine,hybrid,10000000,66,303,3,,0.383219,0.38381375,true
refine,hybrid,10000000,59,303,1,,0.382705,0.383044208,true
refine,hybrid,10000000,56,303,1,,0.381849,0.382156125,true
refine,hybrid,10000000,56,303,3,,0.381564,0.381891084,true
refine,hybrid,10000000,55,303,1,,0.381178,0.381488541,true
refine,hybrid,10000000,61,303,3,,0.38173,0.382036417,true
refine,hybrid,10000000,73,303,1,,0.380939,0.3812735,true
refine,hybrid,10000000,61,303,2,,0.38053,0.380871583,true
refine,hybrid,10000000,88,303,3,,0.390367,0.390744834,true
refine,hybrid,10000000,90,303,3,,0.389552,0.39005175,true
refine,hybrid,10000000,71,303,2,,0.382753,0.383297583,true
refine,hybrid,10000000,50,303,1,,0.381293,0.381621084,true
refine,hybrid,10000000,49,303,2,,0.380477,0.380831084,true
refine,hybrid,10000000,78,303,3,,0.389272,0.389536791,true
refine,hybrid,10000000,50,303,3,,0.381321,0.381618292,true
refine,hybrid,10000000,76,303,1,,0.386694,0.387074041,true
refine,hybrid,10000000,67,303,3,,0.380518,0.380812125,true
refine,hybrid,10000000,59,303,3,,0.380199,0.380489041,true
refine,hybrid,10000000,81,303,2,,0.388488,0.388810583,true
refine,hybrid,10000000,82,303,3,,0.390418,0.391034292,true
refine,hybrid,10000000,51,303,2,,0.382589,0.383138125,true
refine,hybrid,10000000,62,303,1,,0.382497,0.382989791,true
refine,hybrid,10000000,60,303,2,,0.381392,0.381671708,true
refine,hybrid,10000000,60,303,3,,0.382208,0.3825785,true
refine,hybrid,10000000,51,303,3,,0.38119,0.381507625,true
refine,hybrid,10000000,81,303,3,,0.389342,0.389664084,true
refine,hybrid,10000000,65,303,3,,0.381471,0.381835417,true
refine,hybrid,10000000,95,303,2,,0.388544,0.388872875,true
refine,hybrid,10000000,90,303,2,,0.38954,0.389822333,true
refine,hybrid,10000000,66,303,1,,0.382826,0.383320709,true
refine,hybrid,10000000,66,303,2,,0.382784,0.383294458,true
refine,hybrid,10000000,80,303,2,,0.390165,0.390747,true
refine,hybrid,10000000,91,303,3,,0.389572,0.389918084,true
refine,hybrid,10000000,77,303,3,,0.389753,0.390057542,true
refine,hybrid,10000000,59,303,2,,0.381269,0.381601542,true
refine,hybrid,10000000,83,303,3,,0.388218,0.388579542,true
refine,hybrid,10000000,89,303,3,,0.388806,0.389174666,true
refine,hybrid,10000000,74,303,1,,0.380315,0.380617958,true
refine,hybrid,10000000,70,303,1,,0.393772,0.39612525,true
refine,hybrid,10000000,58,303,3,,0.382112,0.382523041,true
refine,hybrid,10000000,93,303,3,,0.390004,0.390628542,true
refine,hybrid,10000000,75,303,3,,0.383845,0.384506125,true
refine,hybrid,10000000,76,303,3,,0.38785,0.388247917,true
refine,hybrid,10000000,57,303,3,,0.38076,0.381093708,true
refine,hybrid,10000000,53,303,1,,0.381393,0.381700375,true
refine,hybrid,10000000,73,303,2,,0.380875,0.38119425,true
refine,hybrid,10000000,58,303,1,,0.381387,0.38169475,true
refine,hybrid,10000000,91,303,1,,0.388984,0.389288375,true
refine,hybrid,10000000,77,303,2,,0.388267,0.388562541,true
refine,hybrid,10000000,84,303,1,,0.391657,0.392012833,true
refine,hybrid,10000000,83,303,2,,0.39349,0.394118458,true
refine,hybrid,10000000,75,303,1,,0.382541,0.383051541,true
refine,hybrid,10000000,92,303,1,,0.389646,0.390169583,true
refine,hybrid,10000000,88,303,1,,0.389131,0.389457291,true
refine,hybrid,10000000,83,303,1,,0.3887,0.389009625,true
refine,hybrid,10000000,88,303,2,,0.387897,0.388176708,true
refine,hybrid,10000000,77,303,1,,0.388369,0.388634959,true
refine,hybrid,10000000,79,303,3,,0.389511,0.389842917,true
refine,hybrid,10000000,95,303,3,,0.388805,0.389220042,true
refine,hybrid,10000000,65,303,2,,0.381443,0.381878042,true
refine,hybrid,10000000,69,303,3,,0.38284,0.383357584,true
refine,hybrid,10000000,54,303,1,,0.382426,0.382978916,true
refine,hybrid,10000000,68,303,1,,0.382352,0.382911041,true
refine,hybrid,10000000,74,303,3,,0.380893,0.38125375,true
refine,hybrid,10000000,72,303,1,,0.380451,0.380825792,true
refine,hybrid,10000000,56,303,2,,0.380574,0.380901,true
refine,hybrid,10000000,49,303,1,,0.380886,0.381184709,true
refine,hybrid,10000000,70,303,3,,0.394403,0.397118041,true
refine,hybrid,10000000,95,303,1,,0.40754,0.41704025,true
refine,hybrid,10000000,68,303,3,,0.391253,0.392460375,true
refine,hybrid,10000000,80,303,3,,0.409999,0.418941292,true
refine,hybrid,10000000,90,303,1,,0.392042,0.392698291,true
refine,hybrid,10000000,93,303,1,,0.402297,0.4226705,true
refine,hybrid,10000000,61,303,1,,0.383791,0.384074084,true
refine,hybrid,10000000,57,303,1,,0.384143,0.384772459,true
refine,hybrid,10000000,55,303,2,,0.409606,0.430106833,true
refine,hybrid,10000000,82,303,2,,0.40286,0.4046665,true
refine,hybrid,10000000,89,303,1,,0.406721,0.411325875,true
refine,hybrid,10000000,54,303,2,,0.390727,0.391595209,true
refine,hybrid,10000000,85,303,1,,0.400252,0.400922334,true
refine,hybrid,10000000,92,303,2,,0.397554,0.3983555,true
refine,hybrid,10000000,76,303,2,,0.397048,0.397829958,true
refine,hybrid,10000000,82,303,1,,0.400669,0.401504875,true
refine,hybrid,10000000,52,303,2,,0.390802,0.391241333,true
refine,hybrid,10000000,94,303,1,,0.40123,0.40183375,true
refine,hybrid,10000000,52,303,3,,0.390555,0.391230833,true
refine,hybrid,10000000,86,303,2,,0.409868,0.417221709,true
refine,hybrid,10000000,87,303,1,,0.401386,0.402104542,true
refine,hybrid,10000000,84,303,2,,0.400719,0.401395083,true
refine,hybrid,10000000,67,303,1,,0.394244,0.394834667,true
refine,hybrid,10000000,84,303,3,,0.413039,0.421438625,true
refine,hybrid,10000000,81,303,1,,0.402948,0.403841292,true
refine,hybrid,10000000,67,303,2,,0.395263,0.396239125,true
refine,hybrid,10000000,80,303,1,,0.395584,0.396042,true
refine,hybrid,10000000,54,303,3,,0.391636,0.392204625,true
refine,hybrid,10000000,50,303,2,,0.387272,0.387599291,true
refine,hybrid,10000000,78,303,2,,0.408357,0.411231917,true
refine,hybrid,10000000,71,303,1,,0.389078,0.38951475,true
refine,hybrid,10000000,93,303,2,,0.40401,0.406377583,true
refine,hybrid,10000000,78,303,1,,0.403972,0.404558541,true
refine,hybrid,10000000,72,303,3,,0.39741,0.400539333,true
refine,hybrid,10000000,51,303,1,,0.393592,0.394342791,true
refine,hybrid,10000000,85,303,3,,0.405219,0.4061625,true
refine,hybrid,10000000,53,303,2,,0.389858,0.390206875,true
refine,hybrid,10000000,65,303,1,,0.39572,0.396335208,true
refine,hybrid,10000000,71,303,3,,0.399283,0.400928583,true
refine,hybrid,10000000,79,303,1,,0.401617,0.402103917,true
refine,hybrid,10000000,52,303,1,,0.391836,0.392215125,true
refine,hybrid,10000000,57,303,2,,0.395634,0.396209625,true
refine,hybrid,10000000,70,303,2,,0.392188,0.392646958,true
refine,hybrid,10000000,94,303,2,,0.402737,0.403562875,true
refine,hybrid,10000000,86,303,3,,0.407143,0.410323459,true
refine,hybrid,10000000,63,303,2,,0.397076,0.397933333,true
refine,hybrid,10000000,91,303,2,,0.400369,0.400728167,true
refine,hybrid,10000000,73,303,3,,0.394474,0.395069917,true
refine,hybrid,10000000,94,303,3,,0.40322,0.403754917,true
refine,hybrid,10000000,58,303,2,,0.397922,0.398413417,true
refine,hybrid,10000000,60,303,1,,0.405895,0.41602825,true
refine,hybrid,10000000,69,303,1,,0.392162,0.392562208,true
refine,hybrid,10000000,53,303,3,,0.398745,0.399869792,true
refine,hybrid,10000000,63,303,1,,0.39457,0.396513,true
refine,hybrid,10000000,85,303,2,,0.407543,0.409963,true
refine,hybrid,10000000,62,303,2,,0.399831,0.402018375,true
refine,hybrid,10000000,75,303,2,,0.392264,0.392667084,true
refine,hybrid,10000000,49,303,3,,0.398424,0.399060833,true
refine,hybrid,10000000,63,303,3,,0.399502,0.400471708,true
refine,hybrid,10000000,89,303,2,,0.405902,0.4066645,true
refine,hybrid,10000000,62,303,3,,0.409892,0.414879042,true
refine,hybrid,10000000,72,303,2,,0.391899,0.392221541,true
refine,hybrid,10000000,55,303,3,,0.398265,0.403348,true
refine,hybrid,10000000,79,303,2,,0.419657,0.454410417,true
refine,hybrid,10000000,69,303,2,,0.405869,0.407836667,true
refine,hybrid,10000000,87,303,3,,0.412982,0.414825667,true
refine,hybrid,10000000,74,303,2,,0.41275,0.413988583,true
refine,hybrid,10000000,86,303,1,,0.445475,0.447086292,true
refine,hybrid,10000000,92,303,3,,0.441742,0.443856458,true
refine,hybrid,10000000,87,303,2,,0.414519,0.415722125,true
refine,hybrid,10000000,68,303,2,,0.408098,0.413618541,true
refine,hybrid,10000000,81,505,0,367276107,,,true
refine,hybrid,10000000,70,505,0,281221895,,,true
refine,hybrid,10000000,89,505,0,367276107,,,true
refine,hybrid,10000000,77,505,0,367276107,,,true
refine,hybrid,10000000,50,505,0,281221895,,,true
refine,hybrid,10000000,90,505,0,367276107,,,true
refine,hybrid,10000000,60,505,0,281221895,,,true
refine,hybrid,10000000,93,505,0,367276107,,,true
refine,hybrid,10000000,66,505,0,281221895,,,true
refine,hybrid,10000000,59,505,0,281221895,,,true
refine,hybrid,10000000,68,505,0,281221895,,,true
refine,hybrid,10000000,58,505,0,281221895,,,true
refine,hybrid,10000000,55,505,0,281221895,,,true
refine,hybrid,10000000,82,505,0,367276107,,,true
refine,hybrid,10000000,62,505,0,281221895,,,true
refine,hybrid,10000000,78,505,0,367276107,,,true
refine,hybrid,10000000,65,505,0,281221895,,,true
refine,hybrid,10000000,57,505,0,281221895,,,true
refine,hybrid,10000000,61,505,0,281221895,,,true
refine,hybrid,10000000,72,505,0,281221895,,,true
refine,hybrid,10000000,52,505,0,281221895,,,true
refine,hybrid,10000000,71,505,0,281221895,,,true
refine,hybrid,10000000,94,505,0,367276107,,,true
refine,hybrid,10000000,86,505,0,367276107,,,true
refine,hybrid,10000000,76,505,0,341495924,,,true
refine,hybrid,10000000,53,505,0,281221895,,,true
refine,hybrid,10000000,88,505,0,367276107,,,true
refine,hybrid,10000000,92,505,0,367276107,,,true
refine,hybrid,10000000,67,505,0,281221895,,,true
refine,hybrid,10000000,56,505,0,281221895,,,true
refine,hybrid,10000000,75,505,0,281221895,,,true
refine,hybrid,10000000,51,505,0,281221895,,,true
refine,hybrid,10000000,73,505,0,281221895,,,true
refine,hybrid,10000000,84,505,0,367276107,,,true
refine,hybrid,10000000,74,505,0,281221895,,,true
refine,hybrid,10000000,63,505,0,281221895,,,true
refine,hybrid,10000000,85,505,0,367276107,,,true
refine,hybrid,10000000,54,505,0,281221895,,,true
refine,hybrid,10000000,91,505,0,367276107,,,true
refine,hybrid,10000000,95,505,0,367276107,,,true
refine,hybrid,10000000,83,505,0,367276107,,,true
refine,hybrid,10000000,87,505,0,367276107,,,true
refine,hybrid,10000000,69,505,0,281221895,,,true
refine,hybrid,10000000,80,505,0,367276107,,,true
refine,hybrid,10000000,49,505,0,281221895,,,true
refine,hybrid,10000000,79,505,0,367276107,,,true
refine,hybrid,10000000,70,505,3,,0.417315,0.421951917,true
refine,hybrid,10000000,95,505,1,,0.418945,0.422490416,true
refine,hybrid,10000000,80,505,1,,0.431395,0.4516905,true
refine,hybrid,10000000,92,505,1,,0.420405,0.42415675,true
refine,hybrid,10000000,54,505,1,,0.411303,0.414358625,true
refine,hybrid,10000000,71,505,2,,0.410645,0.41350125,true
refine,hybrid,10000000,87,505,1,,0.423646,0.43119225,true
refine,hybrid,10000000,56,505,2,,0.413241,0.4166595,true
refine,hybrid,10000000,50,505,1,,0.410567,0.413644208,true
refine,hybrid,10000000,79,505,3,,0.418123,0.421038,true
refine,hybrid,10000000,60,505,2,,0.416851,0.424405667,true
refine,hybrid,10000000,86,505,1,,0.420441,0.424362583,true
refine,hybrid,10000000,68,505,1,,0.411472,0.414564917,true
refine,hybrid,10000000,61,505,2,,0.411348,0.414418833,true
refine,hybrid,10000000,49,505,3,,0.415311,0.422327459,true
refine,hybrid,10000000,76,505,1,,0.417552,0.420529,true
refine,hybrid,10000000,55,505,2,,0.411532,0.414411459,true
refine,hybrid,10000000,85,505,3,,0.420741,0.427213458,true
refine,hybrid,10000000,88,505,1,,0.42048,0.424165833,true
refine,hybrid,10000000,79,505,2,,0.419362,0.423021,true
refine,hybrid,10000000,66,505,3,,0.41198,0.415177625,true
refine,hybrid,10000000,74,505,2,,0.415834,0.423526,true
refine,hybrid,10000000,63,505,3,,0.413621,0.417316916,true
refine,hybrid,10000000,95,505,3,,0.420583,0.424423084,true
refine,hybrid,10000000,78,505,3,,0.419161,0.422725417,true
refine,hybrid,10000000,82,505,2,,0.423602,0.430956167,true
refine,hybrid,10000000,82,505,1,,0.423659,0.427839666,true
refine,hybrid,10000000,54,505,3,,0.414601,0.418683042,true
refine,hybrid,10000000,58,505,1,,0.416309,0.4252815,true
refine,hybrid,10000000,52,505,2,,0.415659,0.420026042,true
refine,hybrid,10000000,80,505,2,,0.422895,0.427125792,true
refine,hybrid,10000000,61,505,1,,0.425631,0.454141708,true
refine,hybrid,10000000,76,505,2,,0.424948,0.430060792,true
refine,hybrid,10000000,74,505,3,,0.422236,0.428456083,true
refine,hybrid,10000000,91,505,1,,0.426471,0.433768916,true
refine,hybrid,10000000,59,505,1,,0.421944,0.44116725,true
refine,hybrid,10000000,67,505,1,,0.42103,0.427221292,true
refine,hybrid,10000000,52,505,1,,0.424153,0.435478166,true
refine,hybrid,10000000,51,505,3,,0.420542,0.427036584,true
refine,hybrid,10000000,59,505,3,,0.422034,0.4454295,true
refine,hybrid,10000000,86,505,3,,0.426968,0.430755834,true
refine,hybrid,10000000,81,505,3,,0.428195,0.434932083,true
refine,hybrid,10000000,54,505,2,,0.413087,0.416642833,true
refine,hybrid,10000000,53,505,2,,0.411368,0.414441959,true
refine,hybrid,10000000,92,505,2,,0.421484,0.426288333,true
refine,hybrid,10000000,84,505,3,,0.423285,0.427473875,true
refine,hybrid,10000000,49,505,1,,0.41861,0.427127042,true
refine,hybrid,10000000,74,505,1,,0.402911,0.403994792,true
refine,hybrid,10000000,67,505,3,,0.400547,0.400997125,true
refine,hybrid,10000000,76,505,3,,0.409363,0.411718959,true
refine,hybrid,10000000,65,505,2,,0.400285,0.400623833,true
refine,hybrid,10000000,53,505,1,,0.401104,0.401552084,true
refine,hybrid,10000000,93,505,1,,0.40947,0.409860625,true
refine,hybrid,10000000,72,505,1,,0.41524,0.42106175,true
refine,hybrid,10000000,63,505,1,,0.403724,0.404432208,true
refine,hybrid,10000000,84,505,1,,0.409268,0.40977575,true
refine,hybrid,10000000,77,505,2,,0.409219,0.409892375,true
refine,hybrid,10000000,75,505,2,,0.399358,0.399874542,true
refine,hybrid,10000000,83,505,2,,0.407623,0.408070125,true
refine,hybrid,10000000,95,505,2,,0.40523,0.405658084,true
refine,hybrid,10000000,85,505,1,,0.422734,0.431313875,true
refine,hybrid,10000000,69,505,1,,0.42682,0.431740042,true
refine,hybrid,10000000,67,505,2,,0.414773,0.418516417,true
refine,hybrid,10000000,78,505,2,,0.422191,0.426824541,true
refine,hybrid,10000000,57,505,2,,0.413989,0.417882417,true
refine,hybrid,10000000,85,505,2,,0.424093,0.43142625,true
refine,hybrid,10000000,51,505,2,,0.415649,0.4205395,true
refine,hybrid,10000000,71,505,3,,0.414718,0.419473041,true
refine,hybrid,10000000,81,505,1,,0.42104,0.425017,true
refine,hybrid,10000000,55,505,1,,0.415505,0.419752125,true
refine,hybrid,10000000,82,505,3,,0.424234,0.431345875,true
refine,hybrid,10000000,50,505,2,,0.413911,0.417264209,true
refine,hybrid,10000000,94,505,2,,0.433337,0.44551825,true
refine,hybrid,10000000,83,505,1,,0.42262,0.426653291,true
refine,hybrid,10000000,89,505,2,,0.421015,0.424938,true
refine,hybrid,10000000,83,505,3,,0.426155,0.435136458,true
refine,hybrid,10000000,57,505,1,,0.413487,0.416943166,true
refine,hybrid,10000000,81,505,2,,0.422914,0.426295958,true
refine,hybrid,10000000,84,505,2,,0.440799,0.486623708,true
refine,hybrid,10000000,49,505,2,,0.423469,0.432143666,true
refine,hybrid,10000000,90,505,1,,0.419115,0.420828042,true
refine,hybrid,10000000,94,505,3,,0.412541,0.413099334,true
refine,hybrid,10000000,87,505,3,,0.418414,0.420549792,true
refine,hybrid,10000000,80,505,3,,0.418923,0.420128208,true
refine,hybrid,10000000,79,505,1,,0.424494,0.42916,true
refine,hybrid,10000000,94,505,1,,0.418297,0.419102667,true
refine,hybrid,10000000,65,505,3,,0.410887,0.41166975,true
refine,hybrid,10000000,75,505,3,,0.411424,0.412132667,true
refine,hybrid,10000000,91,505,2,,0.413002,0.413477333,true
refine,hybrid,10000000,73,505,2,,0.410704,0.411347667,true
refine,hybrid,10000000,78,505,1,,0.414165,0.414590042,true
refine,hybrid,10000000,91,505,3,,0.417189,0.417901458,true
refine,hybrid,10000000,73,505,3,,0.413849,0.415709584,true
refine,hybrid,10000000,69,505,3,,0.410893,0.411582917,true
refine,hybrid,10000000,86,505,2,,0.422159,0.42438,true
refine,hybrid,10000000,63,505,2,,0.4121,0.412999333,true
refine,hybrid,10000000,60,505,3,,0.410341,0.413110333,true
refine,hybrid,10000000,90,505,3,,0.421782,0.423510208,true
refine,hybrid,10000000,62,505,1,,0.409149,0.410015459,true
refine,hybrid,10000000,62,505,3,,0.413526,0.41506875,true
refine,hybrid,10000000,59,505,2,,0.411413,0.412103083,true
refine,hybrid,10000000,55,505,3,,0.409838,0.411944583,true
refine,hybrid,10000000,77,505,3,,0.41562,0.416106416,true
refine,hybrid,10000000,73,505,1,,0.417425,0.435434625,true
refine,hybrid,10000000,93,505,3,,0.417636,0.41834475,true
refine,hybrid,10000000,60,505,1,,0.405856,0.406292917,true
refine,hybrid,10000000,66,505,1,,0.415018,0.418530583,true
refine,hybrid,10000000,89,505,1,,0.436135,0.446011875,true
refine,hybrid,10000000,70,505,1,,0.42319,0.428731667,true
refine,hybrid,10000000,58,505,2,,0.421451,0.426891917,true
refine,hybrid,10000000,61,505,3,,0.412865,0.413476834,true
refine,hybrid,10000000,72,505,3,,0.409122,0.409613542,true
refine,hybrid,10000000,56,505,3,,0.412209,0.414173375,true
refine,hybrid,10000000,88,505,2,,0.418988,0.419897583,true
refine,hybrid,10000000,56,505,1,,0.406779,0.407262125,true
refine,hybrid,10000000,66,505,2,,0.422103,0.427973042,true
refine,hybrid,10000000,75,505,1,,0.411382,0.412371833,true
refine,hybrid,10000000,51,505,1,,0.411292,0.411885709,true
refine,hybrid,10000000,52,505,3,,0.410758,0.411393375,true
refine,hybrid,10000000,88,505,3,,0.428542,0.432939125,true
refine,hybrid,10000000,89,505,3,,0.422612,0.424023667,true
refine,hybrid,10000000,90,505,2,,0.416559,0.417640833,true
refine,hybrid,10000000,65,505,1,,0.417212,0.419757708,true
refine,hybrid,10000000,93,505,2,,0.421988,0.423949708,true
refine,hybrid,10000000,87,505,2,,0.418227,0.419330416,true
refine,hybrid,10000000,70,505,2,,0.417496,0.434611292,true
refine,hybrid,10000000,57,505,3,,0.407599,0.4081935,true
refine,hybrid,10000000,68,505,2,,0.414806,0.417760334,true
refine,hybrid,10000000,58,505,3,,0.410064,0.41066225,true
refine,hybrid,10000000,72,505,2,,0.405521,0.405858583,true
refine,hybrid,10000000,53,505,3,,0.410756,0.411423166,true
refine,hybrid,10000000,69,505,2,,0.41094,0.411603958,true
refine,hybrid,10000000,68,505,3,,0.415975,0.4192435,true
refine,hybrid,10000000,62,505,2,,0.406864,0.407389166,true
refine,hybrid,10000000,50,505,3,,0.413048,0.414133083,true
refine,hybrid,10000000,77,505,1,,0.417215,0.41782875,true
refine,hybrid,10000000,92,505,3,,0.419074,0.422701958,true
refine,hybrid,10000000,71,505,1,,0.412252,0.4145625,true
refine,hybrid,10000000,93,101,0,367325718,,,true
refine,hybrid,10000000,52,101,0,281248435,,,true
refine,hybrid,10000000,89,101,0,367325718,,,true
refine,hybrid,10000000,76,101,0,341568115,,,true
refine,hybrid,10000000,59,101,0,281248435,,,true
refine,hybrid,10000000,67,101,0,281248435,,,true
refine,hybrid,10000000,71,101,0,281248435,,,true
refine,hybrid,10000000,91,101,0,367325718,,,true
refine,hybrid,10000000,70,101,0,281248435,,,true
refine,hybrid,10000000,54,101,0,281248435,,,true
refine,hybrid,10000000,68,101,0,281248435,,,true
refine,hybrid,10000000,61,101,0,281248435,,,true
refine,hybrid,10000000,85,101,0,367325718,,,true
refine,hybrid,10000000,82,101,0,367325718,,,true
refine,hybrid,10000000,95,101,0,367325718,,,true
refine,hybrid,10000000,51,101,0,281248435,,,true
refine,hybrid,10000000,83,101,0,367325718,,,true
refine,hybrid,10000000,92,101,0,367325718,,,true
refine,hybrid,10000000,57,101,0,281248435,,,true
refine,hybrid,10000000,88,101,0,367325718,,,true
refine,hybrid,10000000,87,101,0,367325718,,,true
refine,hybrid,10000000,49,101,0,281248435,,,true
refine,hybrid,10000000,86,101,0,367325718,,,true
refine,hybrid,10000000,81,101,0,367325718,,,true
refine,hybrid,10000000,62,101,0,281248435,,,true
refine,hybrid,10000000,75,101,0,281248435,,,true
refine,hybrid,10000000,66,101,0,281248435,,,true
refine,hybrid,10000000,79,101,0,367325718,,,true
refine,hybrid,10000000,77,101,0,367325718,,,true
refine,hybrid,10000000,74,101,0,281248435,,,true
refine,hybrid,10000000,60,101,0,281248435,,,true
refine,hybrid,10000000,56,101,0,281248435,,,true
refine,hybrid,10000000,55,101,0,281248435,,,true
refine,hybrid,10000000,78,101,0,367325718,,,true
refine,hybrid,10000000,90,101,0,367325718,,,true
refine,hybrid,10000000,65,101,0,281248435,,,true
refine,hybrid,10000000,72,101,0,281248435,,,true
refine,hybrid,10000000,63,101,0,281248435,,,true
refine,hybrid,10000000,58,101,0,281248435,,,true
refine,hybrid,10000000,53,101,0,281248435,,,true
refine,hybrid,10000000,80,101,0,367325718,,,true
refine,hybrid,10000000,94,101,0,367325718,,,true
refine,hybrid,10000000,84,101,0,367325718,,,true
refine,hybrid,10000000,73,101,0,281248435,,,true
refine,hybrid,10000000,69,101,0,281248435,,,true
refine,hybrid,10000000,50,101,0,281248435,,,true
refine,hybrid,10000000,91,101,1,,0.405791,0.406098291,true
refine,hybrid,10000000,92,101,2,,0.406248,0.406553542,true
refine,hybrid,10000000,66,101,3,,0.397032,0.397408583,true
refine,hybrid,10000000,60,101,1,,0.396679,0.39698975,true
refine,hybrid,10000000,71,101,1,,0.397642,0.3979425,true
refine,hybrid,10000000,88,101,1,,0.404348,0.404675917,true
refine,hybrid,10000000,78,101,2,,0.404753,0.405248166,true
refine,hybrid,10000000,60,101,3,,0.395424,0.3957955,true
refine,hybrid,10000000,89,101,3,,0.408258,0.410934167,true
refine,hybrid,10000000,82,101,3,,0.405805,0.406142542,true
refine,hybrid,10000000,69,101,3,,0.397482,0.397863459,true
refine,hybrid,10000000,69,101,2,,0.407432,0.414465541,true
refine,hybrid,10000000,94,101,2,,0.409731,0.410724583,true
refine,hybrid,10000000,53,101,3,,0.401408,0.402309334,true
refine,hybrid,10000000,72,101,2,,0.400749,0.401524291,true
refine,hybrid,10000000,58,101,1,,0.402616,0.403330792,true
refine,hybrid,10000000,74,101,3,,0.398581,0.398962458,true
refine,hybrid,10000000,89,101,2,,0.406412,0.407494708,true
refine,hybrid,10000000,87,101,3,,0.408327,0.411046916,true
refine,hybrid,10000000,54,101,1,,0.395889,0.396208542,true
refine,hybrid,10000000,61,101,3,,0.395506,0.395799167,true
refine,hybrid,10000000,57,101,1,,0.394327,0.394630625,true
refine,hybrid,10000000,84,101,2,,0.401787,0.402209875,true
refine,hybrid,10000000,95,101,1,,0.403935,0.404458667,true
refine,hybrid,10000000,57,101,2,,0.406433,0.410527375,true
refine,hybrid,10000000,81,101,1,,0.402667,0.403038,true
refine,hybrid,10000000,55,101,3,,0.394285,0.394643209,true
refine,hybrid,10000000,74,101,2,,0.392583,0.392897125,true
refine,hybrid,10000000,79,101,2,,0.401269,0.401689167,true
refine,hybrid,10000000,73,101,1,,0.393688,0.394047166,true
refine,hybrid,10000000,84,101,1,,0.399753,0.400187041,true
refine,hybrid,10000000,88,101,3,,0.401559,0.401875916,true
refine,hybrid,10000000,75,101,3,,0.393561,0.393935417,true
refine,hybrid,10000000,74,101,1,,0.393729,0.394274291,true
refine,hybrid,10000000,52,101,1,,0.391418,0.391858416,true
refine,hybrid,10000000,59,101,2,,0.394593,0.394983292,true
refine,hybrid,10000000,65,101,1,,0.393504,0.393852458,true
refine,hybrid,10000000,85,101,2,,0.401067,0.401455,true
refine,hybrid,10000000,54,101,3,,0.394713,0.396146,true
refine,hybrid,10000000,80,101,2,,0.40317,0.404041125,true
refine,hybrid,10000000,90,101,1,,0.40685,0.409885,true
refine,hybrid,10000000,76,101,3,,0.398588,0.399084125,true
refine,hybrid,10000000,67,101,1,,0.393872,0.394851,true
refine,hybrid,10000000,81,101,2,,0.405204,0.406355417,true
refine,hybrid,10000000,70,101,1,,0.39596,0.39693875,true
refine,hybrid,10000000,93,101,2,,0.406609,0.40954975,true
refine,hybrid,10000000,68,101,2,,0.395249,0.396042333,true
refine,hybrid,10000000,75,101,1,,0.392686,0.39305475,true
refine,hybrid,10000000,95,101,3,,0.400604,0.400983333,true
refine,hybrid,10000000,62,101,3,,0.393752,0.394253292,true
refine,hybrid,10000000,70,101,3,,0.392224,0.392544333,true
refine,hybrid,10000000,75,101,2,,0.390967,0.3913565,true
refine,hybrid,10000000,83,101,1,,0.407865,0.411856917,true
refine,hybrid,10000000,71,101,2,,0.391592,0.391967,true
refine,hybrid,10000000,85,101,3,,0.400564,0.400924875,true
refine,hybrid,10000000,62,101,1,,0.391088,0.391459917,true
refine,hybrid,10000000,91,101,3,,0.399308,0.399624917,true
refine,hybrid,10000000,88,101,2,,0.399501,0.399902958,true
refine,hybrid,10000000,49,101,2,,0.389632,0.390029875,true
refine,hybrid,10000000,55,101,2,,0.390068,0.39037225,true
refine,hybrid,10000000,56,101,3,,0.38913,0.389451292,true
refine,hybrid,10000000,63,101,2,,0.389816,0.390178833,true
refine,hybrid,10000000,51,101,1,,0.388852,0.389241167,true
refine,hybrid,10000000,86,101,2,,0.398237,0.398662625,true
refine,hybrid,10000000,86,101,1,,0.398551,0.398944167,true
refine,hybrid,10000000,72,101,3,,0.389938,0.390299,true
refine,hybrid,10000000,50,101,3,,0.389127,0.389501209,true
refine,hybrid,10000000,80,101,3,,0.402283,0.403983958,true
refine,hybrid,10000000,68,101,1,,0.390117,0.390471208,true
refine,hybrid,10000000,54,101,2,,0.390447,0.39080275,true
refine,hybrid,10000000,65,101,2,,0.388676,0.389003625,true
refine,hybrid,10000000,87,101,1,,0.397486,0.397829,true
refine,hybrid,10000000,94,101,1,,0.397537,0.397908583,true
refine,hybrid,10000000,77,101,2,,0.397385,0.397749208,true
refine,hybrid,10000000,83,101,3,,0.397179,0.397583083,true
refine,hybrid,10000000,93,101,3,,0.39784,0.39813625,true
refine,hybrid,10000000,53,101,1,,0.395029,0.396087625,true
refine,hybrid,10000000,82,101,1,,0.405924,0.411011208,true
refine,hybrid,10000000,69,101,1,,0.396194,0.400320666,true
refine,hybrid,10000000,58,101,2,,0.395518,0.396988042,true
refine,hybrid,10000000,95,101,2,,0.429169,0.479525125,true
refine,hybrid,10000000,90,101,3,,0.417573,0.420839375,true
refine,hybrid,10000000,73,101,3,,0.407446,0.410678917,true
refine,hybrid,10000000,62,101,2,,0.414863,0.421788541,true
refine,hybrid,10000000,79,101,1,,0.410421,0.411639458,true
refine,hybrid,10000000,76,101,2,,0.404639,0.405155625,true
refine,hybrid,10000000,84,101,3,,0.410094,0.413641667,true
refine,hybrid,10000000,63,101,1,,0.401225,0.402896542,true
refine,hybrid,10000000,76,101,1,,0.407569,0.408502291,true
refine,hybrid,10000000,60,101,2,,0.409973,0.413353291,true
refine,hybrid,10000000,79,101,3,,0.415977,0.418062042,true
refine,hybrid,10000000,67,101,3,,0.404243,0.405481291,true
refine,hybrid,10000000,52,101,2,,0.398599,0.399254416,true
refine,hybrid,10000000,53,101,2,,0.404026,0.4051405,true
refine,hybrid,10000000,77,101,3,,0.406297,0.40670025,true
refine,hybrid,10000000,70,101,2,,0.413438,0.419055583,true
refine,hybrid,10000000,89,101,1,,0.414119,0.415913167,true
refine,hybrid,10000000,59,101,1,,0.410681,0.413209542,true
refine,hybrid,10000000,73,101,2,,0.423698,0.43272425,true
refine,hybrid,10000000,67,101,2,,0.418763,0.426135792,true
refine,hybrid,10000000,66,101,1,,0.411049,0.416439291,true
refine,hybrid,10000000,86,101,3,,0.423068,0.429996917,true
refine,hybrid,10000000,82,101,2,,0.423038,0.429629916,true
refine,hybrid,10000000,49,101,3,,0.411294,0.418197584,true
refine,hybrid,10000000,65,101,3,,0.409113,0.412805459,true
refine,hybrid,10000000,92,101,3,,0.417761,0.422055125,true
refine,hybrid,10000000,50,101,2,,0.403459,0.405318208,true
refine,hybrid,10000000,81,101,3,,0.418136,0.422599125,true
refine,hybrid,10000000,85,101,1,,0.420681,0.427671375,true
refine,hybrid,10000000,68,101,3,,0.41521,0.422585458,true
refine,hybrid,10000000,55,101,1,,0.420825,0.439242541,true
refine,hybrid,10000000,56,101,2,,0.415701,0.424538375,true
refine,hybrid,10000000,63,101,3,,0.414747,0.420021542,true
refine,hybrid,10000000,66,101,2,,0.416727,0.426246125,true
refine,hybrid,10000000,78,101,3,,0.418805,0.422395416,true
refine,hybrid,10000000,92,101,1,,0.420791,0.428569125,true
refine,hybrid,10000000,91,101,2,,0.417517,0.420885166,true
refine,hybrid,10000000,49,101,1,,0.404403,0.406605417,true
refine,hybrid,10000000,78,101,1,,0.431072,0.438121292,true
refine,hybrid,10000000,90,101,2,,0.431197,0.439992583,true
refine,hybrid,10000000,80,101,1,,0.430714,0.435484791,true
refine,hybrid,10000000,93,101,1,,0.431255,0.442348084,true
refine,hybrid,10000000,61,101,1,,0.419781,0.428235291,true
refine,hybrid,10000000,94,101,3,,0.424445,0.435322542,true
refine,hybrid,10000000,51,101,3,,0.410926,0.415396791,true
refine,hybrid,10000000,77,101,1,,0.417184,0.422266833,true
refine,hybrid,10000000,71,101,3,,0.410541,0.41472125,true
refine,hybrid,10000000,61,101,2,,0.411784,0.416336792,true
refine,hybrid,10000000,58,101,3,,0.413302,0.417869333,true
refine,hybrid,10000000,50,101,1,,0.412422,0.416587792,true
refine,hybrid,10000000,57,101,3,,0.41292,0.417172375,true
refine,hybrid,10000000,51,101,2,,0.402219,0.403453834,true
refine,hybrid,10000000,59,101,3,,0.397311,0.397789417,true
refine,hybrid,10000000,83,101,2,,0.406254,0.406624792,true
refine,hybrid,10000000,72,101,1,,0.398926,0.399260875,true
refine,hybrid,10000000,56,101,1,,0.398432,0.3987295,true
refine,hybrid,10000000,52,101,3,,0.396941,0.397317959,true
refine,hybrid,10000000,87,101,2,,0.40385,0.404240292,true
refine,hybrid,10000000,83,202,0,367370632,,,true
refine,hybrid,10000000,68,202,0,281247717,,,true
refine,hybrid,10000000,75,202,0,281247717,,,true
refine,hybrid,10000000,69,202,0,281247717,,,true
refine,hybrid,10000000,77,202,0,367370632,,,true
refine,hybrid,10000000,84,202,0,367370632,,,true
refine,hybrid,10000000,86,202,0,367370632,,,true
refine,hybrid,10000000,87,202,0,367370632,,,true
refine,hybrid,10000000,49,202,0,281247717,,,true
refine,hybrid,10000000,50,202,0,281247717,,,true
refine,hybrid,10000000,56,202,0,281247717,,,true
refine,hybrid,10000000,65,202,0,281247717,,,true
refine,hybrid,10000000,71,202,0,281247717,,,true
refine,hybrid,10000000,67,202,0,281247717,,,true
refine,hybrid,10000000,54,202,0,281247717,,,true
refine,hybrid,10000000,85,202,0,367370632,,,true
refine,hybrid,10000000,63,202,0,281247717,,,true
refine,hybrid,10000000,76,202,0,341553711,,,true
refine,hybrid,10000000,95,202,0,367370632,,,true
refine,hybrid,10000000,66,202,0,281247717,,,true
refine,hybrid,10000000,92,202,0,367370632,,,true
refine,hybrid,10000000,79,202,0,367370632,,,true
refine,hybrid,10000000,57,202,0,281247717,,,true
refine,hybrid,10000000,55,202,0,281247717,,,true
refine,hybrid,10000000,53,202,0,281247717,,,true
refine,hybrid,10000000,62,202,0,281247717,,,true
refine,hybrid,10000000,88,202,0,367370632,,,true
refine,hybrid,10000000,80,202,0,367370632,,,true
refine,hybrid,10000000,81,202,0,367370632,,,true
refine,hybrid,10000000,89,202,0,367370632,,,true
refine,hybrid,10000000,74,202,0,281247717,,,true
refine,hybrid,10000000,52,202,0,281247717,,,true
refine,hybrid,10000000,60,202,0,281247717,,,true
refine,hybrid,10000000,51,202,0,281247717,,,true
refine,hybrid,10000000,93,202,0,367370632,,,true
refine,hybrid,10000000,61,202,0,281247717,,,true
refine,hybrid,10000000,59,202,0,281247717,,,true
refine,hybrid,10000000,73,202,0,281247717,,,true
refine,hybrid,10000000,58,202,0,281247717,,,true
refine,hybrid,10000000,78,202,0,367370632,,,true
refine,hybrid,10000000,94,202,0,367370632,,,true
refine,hybrid,10000000,90,202,0,367370632,,,true
refine,hybrid,10000000,72,202,0,281247717,,,true
refine,hybrid,10000000,70,202,0,281247717,,,true
refine,hybrid,10000000,91,202,0,367370632,,,true
refine,hybrid,10000000,82,202,0,367370632,,,true
refine,hybrid,10000000,57,202,3,,0.390942,0.391344167,true
refine,hybrid,10000000,78,202,1,,0.398631,0.399045,true
refine,hybrid,10000000,92,202,2,,0.399106,0.399603458,true
refine,hybrid,10000000,92,202,3,,0.399416,0.399678417,true
refine,hybrid,10000000,68,202,3,,0.390432,0.390718458,true
refine,hybrid,10000000,93,202,2,,0.397857,0.398132166,true
refine,hybrid,10000000,53,202,2,,0.391697,0.392041042,true
refine,hybrid,10000000,88,202,3,,0.396547,0.396808959,true
refine,hybrid,10000000,90,202,3,,0.404909,0.421010708,true
refine,hybrid,10000000,85,202,3,,0.397687,0.398024291,true
refine,hybrid,10000000,63,202,2,,0.394362,0.399841917,true
refine,hybrid,10000000,55,202,3,,0.396394,0.398835708,true
refine,hybrid,10000000,75,202,2,,0.390064,0.390533,true
refine,hybrid,10000000,65,202,1,,0.400794,0.407752708,true
refine,hybrid,10000000,77,202,1,,0.398046,0.39835575,true
refine,hybrid,10000000,84,202,3,,0.397076,0.397406791,true
refine,hybrid,10000000,57,202,2,,0.393142,0.394060417,true
refine,hybrid,10000000,80,202,1,,0.413361,0.42066875,true
refine,hybrid,10000000,50,202,2,,0.390641,0.3910155,true
refine,hybrid,10000000,58,202,1,,0.389907,0.390228959,true
refine,hybrid,10000000,69,202,1,,0.38927,0.389667333,true
refine,hybrid,10000000,55,202,2,,0.396086,0.3976045,true
refine,hybrid,10000000,52,202,1,,0.402593,0.4083555,true
refine,hybrid,10000000,66,202,3,,0.391416,0.391721542,true
refine,hybrid,10000000,67,202,2,,0.391635,0.391964375,true
refine,hybrid,10000000,54,202,3,,0.390264,0.390561584,true
refine,hybrid,10000000,73,202,1,,0.391478,0.391764834,true
refine,hybrid,10000000,89,202,3,,0.397885,0.398166916,true
refine,hybrid,10000000,95,202,3,,0.402558,0.404111791,true
refine,hybrid,10000000,50,202,1,,0.391173,0.3916055,true
refine,hybrid,10000000,65,202,3,,0.394577,0.396633625,true
refine,hybrid,10000000,71,202,2,,0.390886,0.391303291,true
refine,hybrid,10000000,78,202,2,,0.398709,0.399138459,true
refine,hybrid,10000000,86,202,3,,0.404424,0.405842583,true
refine,hybrid,10000000,52,202,3,,0.407997,0.410809166,true
refine,hybrid,10000000,74,202,3,,0.407326,0.41286775,true
refine,hybrid,10000000,68,202,1,,0.39254,0.392801125,true
refine,hybrid,10000000,61,202,3,,0.389516,0.389805083,true
refine,hybrid,10000000,68,202,2,,0.390353,0.390688167,true
refine,hybrid,10000000,66,202,1,,0.388623,0.388922084,true
refine,hybrid,10000000,88,202,2,,0.398707,0.399225291,true
refine,hybrid,10000000,72,202,1,,0.400306,0.403152583,true
refine,hybrid,10000000,72,202,3,,0.41807,0.423474542,true
refine,hybrid,10000000,85,202,2,,0.423456,0.4281355,true
refine,hybrid,10000000,91,202,2,,0.415659,0.419393209,true
refine,hybrid,10000000,63,202,3,,0.408434,0.416538333,true
refine,hybrid,10000000,59,202,1,,0.414674,0.424101833,true
refine,hybrid,10000000,81,202,3,,0.403737,0.404584042,true
refine,hybrid,10000000,54,202,2,,0.395238,0.3956755,true
refine,hybrid,10000000,94,202,3,,0.408426,0.412696375,true
refine,hybrid,10000000,82,202,3,,0.428512,0.433724459,true
refine,hybrid,10000000,59,202,3,,0.402538,0.405317417,true
refine,hybrid,10000000,56,202,3,,0.392967,0.39339275,true
refine,hybrid,10000000,76,202,2,,0.398959,0.3992395,true
refine,hybrid,10000000,87,202,2,,0.400079,0.400406708,true
refine,hybrid,10000000,61,202,2,,0.391568,0.391865708,true
refine,hybrid,10000000,91,202,3,,0.398851,0.399133042,true
refine,hybrid,10000000,93,202,3,,0.404577,0.406415791,true
refine,hybrid,10000000,53,202,1,,0.39064,0.391043209,true
refine,hybrid,10000000,73,202,3,,0.390852,0.391123458,true
refine,hybrid,10000000,52,202,2,,0.391762,0.392144917,true
refine,hybrid,10000000,53,202,3,,0.403408,0.412244625,true
refine,hybrid,10000000,60,202,3,,0.392177,0.39283525,true
refine,hybrid,10000000,58,202,3,,0.398941,0.401082416,true
refine,hybrid,10000000,88,202,1,,0.406652,0.409391625,true
refine,hybrid,10000000,87,202,3,,0.398589,0.399021125,true
refine,hybrid,10000000,51,202,3,,0.393164,0.393825541,true
refine,hybrid,10000000,59,202,2,,0.390649,0.3909755,true
refine,hybrid,10000000,79,202,1,,0.399181,0.399554291,true
refine,hybrid,10000000,75,202,3,,0.390411,0.390724083,true
refine,hybrid,10000000,78,202,3,,0.408404,0.412531542,true
refine,hybrid,10000000,54,202,1,,0.392811,0.394060458,true
refine,hybrid,10000000,69,202,3,,0.396306,0.397699625,true
refine,hybrid,10000000,82,202,2,,0.414817,0.418348708,true
refine,hybrid,10000000,49,202,1,,0.407041,0.410221041,true
refine,hybrid,10000000,89,202,1,,0.415074,0.418576416,true
refine,hybrid,10000000,58,202,2,,0.420968,0.432441459,true
refine,hybrid,10000000,62,202,3,,0.406012,0.408733333,true
refine,hybrid,10000000,63,202,1,,0.416672,0.424941875,true
refine,hybrid,10000000,70,202,2,,0.407,0.410520667,true
refine,hybrid,10000000,56,202,2,,0.409605,0.413759417,true
refine,hybrid,10000000,82,202,1,,0.41863,0.4237545,true
refine,hybrid,10000000,81,202,2,,0.422509,0.432226166,true
refine,hybrid,10000000,67,202,1,,0.407306,0.411395792,true
refine,hybrid,10000000,60,202,1,,0.405453,0.408759208,true
refine,hybrid,10000000,57,202,1,,0.40547,0.408825625,true
refine,hybrid,10000000,93,202,1,,0.408794,0.410471292,true
refine,hybrid,10000000,80,202,3,,0.415503,0.4233005,true
refine,hybrid,10000000,49,202,3,,0.401112,0.402910375,true
refine,hybrid,10000000,70,202,3,,0.403827,0.406673917,true
refine,hybrid,10000000,49,202,2,,0.403108,0.405851167,true
refine,hybrid,10000000,91,202,1,,0.413678,0.419217791,true
refine,hybrid,10000000,62,202,2,,0.404675,0.407385125,true
refine,hybrid,10000000,85,202,1,,0.418142,0.421746875,true
refine,hybrid,10000000,83,202,2,,0.420573,0.424728583,true
refine,hybrid,10000000,76,202,1,,0.421615,0.432001875,true
refine,hybrid,10000000,50,202,3,,0.407706,0.410855792,true
refine,hybrid,10000000,73,202,2,,0.408511,0.411525417,true
refine,hybrid,10000000,77,202,2,,0.418171,0.421886916,true
refine,hybrid,10000000,71,202,3,,0.415822,0.423187041,true
refine,hybrid,10000000,55,202,1,,0.409851,0.413972,true
refine,hybrid,10000000,70,202,1,,0.409835,0.413151792,true
refine,hybrid,10000000,51,202,2,,0.405743,0.408259042,true
refine,hybrid,10000000,95,202,2,,0.416018,0.419322834,true
refine,hybrid,10000000,92,202,1,,0.420095,0.427564958,true
refine,hybrid,10000000,67,202,3,,0.407473,0.410625625,true
refine,hybrid,10000000,65,202,2,,0.41001,0.41337125,true
refine,hybrid,10000000,80,202,2,,0.413694,0.416496334,true
refine,hybrid,10000000,86,202,1,,0.419871,0.430296209,true
refine,hybrid,10000000,81,202,1,,0.418852,0.423312208,true
refine,hybrid,10000000,77,202,3,,0.419684,0.42434325,true
refine,hybrid,10000000,61,202,1,,0.408123,0.41102325,true
refine,hybrid,10000000,84,202,2,,0.418447,0.426476708,true
refine,hybrid,10000000,72,202,2,,0.409626,0.413690084,true
refine,hybrid,10000000,71,202,1,,0.408235,0.412149458,true
refine,hybrid,10000000,90,202,1,,0.418212,0.422277834,true
refine,hybrid,10000000,74,202,2,,0.407829,0.411025458,true
refine,hybrid,10000000,87,202,1,,0.416823,0.422587125,true
refine,hybrid,10000000,51,202,1,,0.41119,0.415370292,true
refine,hybrid,10000000,89,202,2,,0.41637,0.420067875,true
refine,hybrid,10000000,83,202,3,,0.426769,0.442229916,true
refine,hybrid,10000000,79,202,3,,0.421636,0.429326208,true
refine,hybrid,10000000,66,202,2,,0.398223,0.399199291,true
refine,hybrid,10000000,75,202,1,,0.394398,0.394729083,true
refine,hybrid,10000000,84,202,1,,0.404525,0.40489225,true
refine,hybrid,10000000,79,202,2,,0.403025,0.403382333,true
refine,hybrid,10000000,76,202,3,,0.402273,0.402550584,true
refine,hybrid,10000000,62,202,1,,0.406419,0.415478833,true
refine,hybrid,10000000,94,202,2,,0.419889,0.422910542,true
refine,hybrid,10000000,94,202,1,,0.417069,0.419048709,true
refine,hybrid,10000000,86,202,2,,0.416722,0.418396458,true
refine,hybrid,10000000,83,202,1,,0.422854,0.427229375,true
refine,hybrid,10000000,74,202,1,,0.408486,0.412243167,true
refine,hybrid,10000000,95,202,1,,0.410093,0.411016208,true
refine,hybrid,10000000,90,202,2,,0.406208,0.406488708,true
refine,hybrid,10000000,56,202,1,,0.400168,0.402295291,true
refine,hybrid,10000000,60,202,2,,0.396187,0.396613833,true
refine,hybrid,10000000,69,202,2,,0.394933,0.39527775,true
refine,hybrid,10000000,58,404,0,281256968,,,true
refine,hybrid,10000000,89,404,0,367352718,,,true
refine,hybrid,10000000,75,404,0,281256968,,,true
refine,hybrid,10000000,53,404,0,281256968,,,true
refine,hybrid,10000000,60,404,0,281256968,,,true
refine,hybrid,10000000,54,404,0,281256968,,,true
refine,hybrid,10000000,87,404,0,367352718,,,true
refine,hybrid,10000000,88,404,0,367352718,,,true
refine,hybrid,10000000,50,404,0,281256968,,,true
refine,hybrid,10000000,93,404,0,367352718,,,true
refine,hybrid,10000000,72,404,0,281256968,,,true
refine,hybrid,10000000,51,404,0,281256968,,,true
refine,hybrid,10000000,77,404,0,367352718,,,true
refine,hybrid,10000000,73,404,0,281256968,,,true
refine,hybrid,10000000,55,404,0,281256968,,,true
refine,hybrid,10000000,62,404,0,281256968,,,true
refine,hybrid,10000000,80,404,0,367352718,,,true
refine,hybrid,10000000,68,404,0,281256968,,,true
refine,hybrid,10000000,84,404,0,367352718,,,true
refine,hybrid,10000000,76,404,0,341583452,,,true
refine,hybrid,10000000,78,404,0,367352718,,,true
refine,hybrid,10000000,86,404,0,367352718,,,true
refine,hybrid,10000000,65,404,0,281256968,,,true
refine,hybrid,10000000,70,404,0,281256968,,,true
refine,hybrid,10000000,57,404,0,281256968,,,true
refine,hybrid,10000000,61,404,0,281256968,,,true
refine,hybrid,10000000,81,404,0,367352718,,,true
refine,hybrid,10000000,85,404,0,367352718,,,true
refine,hybrid,10000000,83,404,0,367352718,,,true
refine,hybrid,10000000,79,404,0,367352718,,,true
refine,hybrid,10000000,91,404,0,367352718,,,true
refine,hybrid,10000000,59,404,0,281256968,,,true
refine,hybrid,10000000,92,404,0,367352718,,,true
refine,hybrid,10000000,67,404,0,281256968,,,true
refine,hybrid,10000000,63,404,0,281256968,,,true
refine,hybrid,10000000,95,404,0,367352718,,,true
refine,hybrid,10000000,69,404,0,281256968,,,true
refine,hybrid,10000000,94,404,0,367352718,,,true
refine,hybrid,10000000,82,404,0,367352718,,,true
refine,hybrid,10000000,90,404,0,367352718,,,true
refine,hybrid,10000000,66,404,0,281256968,,,true
refine,hybrid,10000000,56,404,0,281256968,,,true
refine,hybrid,10000000,49,404,0,281256968,,,true
refine,hybrid,10000000,71,404,0,281256968,,,true
refine,hybrid,10000000,52,404,0,281256968,,,true
refine,hybrid,10000000,74,404,0,281256968,,,true
refine,hybrid,10000000,89,404,3,,0.395763,0.396126458,true
refine,hybrid,10000000,51,404,1,,0.388168,0.388421375,true
refine,hybrid,10000000,63,404,1,,0.387549,0.387805125,true
refine,hybrid,10000000,93,404,3,,0.395809,0.396246083,true
refine,hybrid,10000000,63,404,3,,0.38772,0.388100792,true
refine,hybrid,10000000,84,404,3,,0.396804,0.397201709,true
refine,hybrid,10000000,70,404,1,,0.386487,0.386842833,true
refine,hybrid,10000000,70,404,3,,0.387497,0.387891167,true
refine,hybrid,10000000,92,404,3,,0.394223,0.394556417,true
refine,hybrid,10000000,50,404,3,,0.38977,0.391013,true
refine,hybrid,10000000,50,404,2,,0.389512,0.390216333,true
refine,hybrid,10000000,62,404,3,,0.389776,0.390154333,true
refine,hybrid,10000000,82,404,2,,0.396698,0.397,true
refine,hybrid,10000000,56,404,1,,0.387851,0.388164791,true
refine,hybrid,10000000,65,404,2,,0.388476,0.388910625,true
refine,hybrid,10000000,87,404,3,,0.400147,0.401476875,true
refine,hybrid,10000000,71,404,2,,0.389457,0.390284833,true
refine,hybrid,10000000,52,404,3,,0.389998,0.390300541,true
refine,hybrid,10000000,66,404,2,,0.387777,0.388093083,true
refine,hybrid,10000000,79,404,3,,0.399836,0.402168,true
refine,hybrid,10000000,91,404,2,,0.395524,0.395898875,true
refine,hybrid,10000000,90,404,1,,0.401929,0.405833792,true
refine,hybrid,10000000,81,404,2,,0.39408,0.394367917,true
refine,hybrid,10000000,84,404,2,,0.395052,0.395380083,true
refine,hybrid,10000000,87,404,1,,0.395764,0.396195042,true
refine,hybrid,10000000,55,404,1,,0.387371,0.387911875,true
refine,hybrid,10000000,53,404,1,,0.387275,0.387703334,true
refine,hybrid,10000000,66,404,1,,0.38572,0.386045041,true
refine,hybrid,10000000,55,404,3,,0.385248,0.385626875,true
refine,hybrid,10000000,83,404,3,,0.393324,0.3936515,true
refine,hybrid,10000000,80,404,1,,0.393827,0.39417575,true
refine,hybrid,10000000,68,404,2,,0.386757,0.387086792,true
refine,hybrid,10000000,63,404,2,,0.386394,0.386698125,true
refine,hybrid,10000000,61,404,1,,0.388669,0.389269875,true
refine,hybrid,10000000,86,404,1,,0.396179,0.396688125,true
refine,hybrid,10000000,49,404,3,,0.386785,0.387274459,true
refine,hybrid,10000000,86,404,2,,0.396325,0.396769666,true
refine,hybrid,10000000,52,404,2,,0.387295,0.387631625,true
refine,hybrid,10000000,57,404,2,,0.392798,0.399095666,true
refine,hybrid,10000000,84,404,1,,0.394262,0.394538542,true
refine,hybrid,10000000,82,404,1,,0.398037,0.39835225,true
refine,hybrid,10000000,77,404,3,,0.393601,0.39397875,true
refine,hybrid,10000000,76,404,2,,0.391758,0.392076375,true
refine,hybrid,10000000,82,404,3,,0.394245,0.394543458,true
refine,hybrid,10000000,78,404,1,,0.39555,0.396010667,true
refine,hybrid,10000000,56,404,2,,0.386845,0.38727525,true
refine,hybrid,10000000,60,404,1,,0.386391,0.386807959,true
refine,hybrid,10000000,85,404,2,,0.393094,0.393456291,true
refine,hybrid,10000000,91,404,1,,0.393496,0.393886625,true
refine,hybrid,10000000,80,404,3,,0.393083,0.393378834,true
refine,hybrid,10000000,90,404,3,,0.392962,0.39331075,true
refine,hybrid,10000000,83,404,1,,0.393286,0.393641125,true
refine,hybrid,10000000,71,404,1,,0.396438,0.400234708,true
refine,hybrid,10000000,58,404,1,,0.384918,0.385223542,true
refine,hybrid,10000000,86,404,3,,0.393872,0.394307834,true
refine,hybrid,10000000,54,404,3,,0.385455,0.386039541,true
refine,hybrid,10000000,65,404,1,,0.386804,0.387271042,true
refine,hybrid,10000000,73,404,2,,0.385069,0.385348791,true
refine,hybrid,10000000,88,404,3,,0.39285,0.393159583,true
refine,hybrid,10000000,95,404,2,,0.39273,0.393021167,true
refine,hybrid,10000000,75,404,3,,0.38307,0.383422916,true
refine,hybrid,10000000,62,404,2,,0.383612,0.383935291,true
refine,hybrid,10000000,94,404,3,,0.393392,0.393725292,true
refine,hybrid,10000000,57,404,3,,0.383883,0.38419525,true
refine,hybrid,10000000,56,404,3,,0.386807,0.387231791,true
refine,hybrid,10000000,89,404,2,,0.394306,0.394783334,true
refine,hybrid,10000000,68,404,3,,0.38623,0.386698375,true
refine,hybrid,10000000,57,404,1,,0.385786,0.386182208,true
refine,hybrid,10000000,49,404,1,,0.386538,0.386800625,true
refine,hybrid,10000000,50,404,1,,0.385973,0.386232792,true
refine,hybrid,10000000,72,404,3,,0.384981,0.385316291,true
refine,hybrid,10000000,93,404,1,,0.392116,0.392424333,true
refine,hybrid,10000000,51,404,3,,0.383972,0.384251583,true
refine,hybrid,10000000,78,404,3,,0.392529,0.392855125,true
refine,hybrid,10000000,53,404,3,,0.385236,0.385578625,true
refine,hybrid,10000000,90,404,2,,0.393943,0.39432375,true
refine,hybrid,10000000,76,404,3,,0.391312,0.39168025,true
refine,hybrid,10000000,61,404,3,,0.386992,0.387348042,true
refine,hybrid,10000000,85,404,1,,0.392119,0.392448709,true
refine,hybrid,10000000,74,404,2,,0.384681,0.384983042,true
refine,hybrid,10000000,94,404,1,,0.391966,0.392278833,true
refine,hybrid,10000000,51,404,2,,0.384331,0.384641709,true
refine,hybrid,10000000,55,404,2,,0.383735,0.384015375,true
refine,hybrid,10000000,62,404,1,,0.383635,0.383964542,true
refine,hybrid,10000000,53,404,2,,0.384409,0.384689417,true
refine,hybrid,10000000,81,404,3,,0.39257,0.393079208,true
refine,hybrid,10000000,92,404,1,,0.392575,0.393069708,true
refine,hybrid,10000000,60,404,3,,0.385801,0.386215458,true
refine,hybrid,10000000,59,404,2,,0.384158,0.384467167,true
refine,hybrid,10000000,81,404,1,,0.395752,0.396028459,true
refine,hybrid,10000000,73,404,1,,0.385998,0.38630325,true
refine,hybrid,10000000,92,404,2,,0.392492,0.39281975,true
refine,hybrid,10000000,79,404,2,,0.391911,0.392186167,true
refine,hybrid,10000000,80,404,2,,0.391207,0.391583584,true
refine,hybrid,10000000,69,404,1,,0.383511,0.383859167,true
refine,hybrid,10000000,69,404,3,,0.384826,0.385257958,true
refine,hybrid,10000000,78,404,2,,0.39543,0.39597925,true
refine,hybrid,10000000,89,404,1,,0.396382,0.397414,true
refine,hybrid,10000000,72,404,1,,0.402232,0.406171709,true
refine,hybrid,10000000,72,404,2,,0.391574,0.392426834,true
refine,hybrid,10000000,69,404,2,,0.391836,0.392560458,true
refine,hybrid,10000000,70,404,2,,0.390514,0.391086875,true
refine,hybrid,10000000,58,404,3,,0.386642,0.386908416,true
refine,hybrid,10000000,95,404,3,,0.39339,0.393711542,true
refine,hybrid,10000000,67,404,3,,0.384804,0.385082917,true
refine,hybrid,10000000,49,404,2,,0.385407,0.385802084,true
refine,hybrid,10000000,61,404,2,,0.385218,0.385662709,true
refine,hybrid,10000000,68,404,1,,0.386288,0.386688292,true
refine,hybrid,10000000,88,404,1,,0.392797,0.393106958,true
refine,hybrid,10000000,77,404,2,,0.391882,0.392191458,true
refine,hybrid,10000000,54,404,2,,0.385603,0.38590725,true
refine,hybrid,10000000,75,404,2,,0.384026,0.384274166,true
refine,hybrid,10000000,95,404,1,,0.392546,0.392842125,true
refine,hybrid,10000000,91,404,3,,0.392682,0.392991917,true
refine,hybrid,10000000,59,404,3,,0.383776,0.384054084,true
refine,hybrid,10000000,79,404,1,,0.392083,0.39247775,true
refine,hybrid,10000000,73,404,3,,0.38491,0.385309167,true
refine,hybrid,10000000,83,404,2,,0.392784,0.393241125,true
refine,hybrid,10000000,60,404,2,,0.386051,0.386430333,true
refine,hybrid,10000000,74,404,1,,0.384815,0.385086459,true
refine,hybrid,10000000,58,404,2,,0.38449,0.384764125,true
refine,hybrid,10000000,85,404,3,,0.402539,0.405951334,true
refine,hybrid,10000000,75,404,1,,0.385059,0.385560083,true
refine,hybrid,10000000,66,404,3,,0.385526,0.386165667,true
refine,hybrid,10000000,59,404,1,,0.384612,0.385007375,true
refine,hybrid,10000000,71,404,3,,0.38496,0.385301,true
refine,hybrid,10000000,54,404,1,,0.38721,0.38780775,true
refine,hybrid,10000000,94,404,2,,0.393745,0.394250583,true
refine,hybrid,10000000,65,404,3,,0.385855,0.38628325,true
refine,hybrid,10000000,88,404,2,,0.393213,0.393576791,true
refine,hybrid,10000000,74,404,3,,0.384753,0.38507525,true
refine,hybrid,10000000,87,404,2,,0.394033,0.394309709,true
refine,hybrid,10000000,67,404,2,,0.385173,0.385560916,true
refine,hybrid,10000000,67,404,1,,0.38478,0.385064042,true
refine,hybrid,10000000,77,404,1,,0.393611,0.39401725,true
refine,hybrid,10000000,52,404,1,,0.387529,0.388131084,true
refine,hybrid,10000000,93,404,2,,0.40771,0.410179542,true
refine,hybrid,10000000,76,404,1,,0.400738,0.40700225,true
validation,merge,10000000,0,1303,0,220101526,,,true
validation,hybrid,10000000,64,1303,0,281238156,,,true
validation,hybrid,10000000,64,1303,2,,0.386077,0.386727166,true
validation,merge,10000000,0,1303,2,,0.440279,0.440644083,true
validation,merge,10000000,0,1303,3,,0.442427,0.442839917,true
validation,hybrid,10000000,64,1303,1,,0.385783,0.386156667,true
validation,hybrid,10000000,64,1303,3,,0.385195,0.385565292,true
validation,merge,10000000,0,1303,1,,0.442727,0.443145459,true
validation,merge,10000000,0,1505,0,220098637,,,true
validation,hybrid,10000000,64,1505,0,281233315,,,true
validation,hybrid,10000000,64,1505,1,,0.3847,0.384978375,true
validation,merge,10000000,0,1505,3,,0.443035,0.443758083,true
validation,merge,10000000,0,1505,1,,0.454331,0.46873,true
validation,merge,10000000,0,1505,2,,0.448316,0.450262083,true
validation,hybrid,10000000,64,1505,2,,0.386277,0.386595458,true
validation,hybrid,10000000,64,1505,3,,0.398512,0.404117834,true
validation,hybrid,10000000,64,1101,0,281227693,,,true
validation,merge,10000000,0,1101,0,220099143,,,true
validation,hybrid,10000000,64,1101,3,,0.403585,0.411207375,true
validation,merge,10000000,0,1101,1,,0.450102,0.451687375,true
validation,hybrid,10000000,64,1101,2,,0.389874,0.390993125,true
validation,merge,10000000,0,1101,2,,0.442845,0.443168292,true
validation,merge,10000000,0,1101,3,,0.443864,0.444144375,true
validation,hybrid,10000000,64,1101,1,,0.386809,0.387060083,true
validation,hybrid,10000000,64,1202,0,281262350,,,true
validation,merge,10000000,0,1202,0,220101612,,,true
validation,hybrid,10000000,64,1202,3,,0.385594,0.385976,true
validation,merge,10000000,0,1202,2,,0.443368,0.443796709,true
validation,merge,10000000,0,1202,3,,0.44377,0.444145708,true
validation,merge,10000000,0,1202,1,,0.446174,0.446539458,true
validation,hybrid,10000000,64,1202,1,,0.38516,0.385507209,true
validation,hybrid,10000000,64,1202,2,,0.383693,0.384007459,true
validation,merge,10000000,0,1404,0,220103189,,,true
validation,hybrid,10000000,64,1404,0,281231832,,,true
validation,hybrid,10000000,64,1404,2,,0.399132,0.403574833,true
validation,merge,10000000,0,1404,1,,0.442276,0.442633792,true
validation,hybrid,10000000,64,1404,1,,0.38999,0.390528916,true
validation,merge,10000000,0,1404,2,,0.443461,0.443830209,true
validation,hybrid,10000000,64,1404,3,,0.385196,0.385468958,true
validation,merge,10000000,0,1404,3,,0.444651,0.445294792,true
